0.000000000000000000e+00 0.000000000000000000e+00 0.000000000000000000e+00 9.000000000000000222e-01
0.000000000000000000e+00 0.000000000000000000e+00 0.000000000000000000e+00 9.000000000000000222e-01
0.000000000000000000e+00 0.000000000000000000e+00 0.000000000000000000e+00 9.000000000000000222e-01
0.000000000000000000e+00 0.000000000000000000e+00 0.000000000000000000e+00 9.000000000000000222e-01
0.000000000000000000e+00 0.000000000000000000e+00 0.000000000000000000e+00 9.000000000000000222e-01
0.000000000000000000e+00 0.000000000000000000e+00 0.000000000000000000e+00 8.972999999999999865e-01
2.999999999999999889e-01 4.285714285714285754e-02 1.049781318335647612e-01 9.000000000000000222e-01
0.000000000000000000e+00 0.000000000000000000e+00 1.499999999999999944e-01 8.981999999999999984e-01
2.000000000000000111e-01 2.222222222222222307e-02 1.547598697464901973e-01 8.972999999999999865e-01
2.999999999999999889e-01 2.999999999999999889e-02 1.486606874731850325e-01 9.000000000000000222e-01
0.000000000000000000e+00 0.000000000000000000e+00 1.705605730844883261e-01 9.000000000000000222e-01
0.000000000000000000e+00 0.000000000000000000e+00 1.632993161855451902e-01 9.000000000000000222e-01
0.000000000000000000e+00 0.000000000000000000e+00 1.568929081105472079e-01 9.000000000000000222e-01
0.000000000000000000e+00 0.000000000000000000e+00 1.511857892036908846e-01 9.000000000000000222e-01
0.000000000000000000e+00 0.000000000000000000e+00 1.460593486680442921e-01 9.000000000000000222e-01
0.000000000000000000e+00 0.000000000000000000e+00 1.414213562373095034e-01 9.000000000000000222e-01
0.000000000000000000e+00 0.000000000000000000e+00 1.371988681140070832e-01 9.000000000000000222e-01
0.000000000000000000e+00 0.000000000000000000e+00 1.333333333333333315e-01 9.000000000000000222e-01
0.000000000000000000e+00 0.000000000000000000e+00 1.297771369046100409e-01 9.000000000000000222e-01
0.000000000000000000e+00 0.000000000000000000e+00 1.264911064067351654e-01 9.000000000000000222e-01
0.000000000000000000e+00 0.000000000000000000e+00 1.234426799696735216e-01 9.000000000000000222e-01
0.000000000000000000e+00 0.000000000000000000e+00 1.206045378311054461e-01 9.000000000000000222e-01
0.000000000000000000e+00 0.000000000000000000e+00 1.179535649239177031e-01 9.000000000000000222e-01
0.000000000000000000e+00 0.000000000000000000e+00 1.154700538379251629e-01 9.000000000000000222e-01
0.000000000000000000e+00 0.000000000000000000e+00 1.131370849898476055e-01 9.000000000000000222e-01
0.000000000000000000e+00 0.000000000000000000e+00 1.109400392450458211e-01 8.991000000000000103e-01
1.000000000000000056e-01 3.703703703703703845e-03 1.104921028901948016e-01 8.988300000000000178e-01
2.000000000000000111e-01 7.142857142857143501e-03 1.099628879881475035e-01 8.988300000000000178e-01
0.000000000000000000e+00 0.000000000000000000e+00 1.144702942944678115e-01 8.988300000000000178e-01
0.000000000000000000e+00 0.000000000000000000e+00 1.125462867742275525e-01 8.988300000000000178e-01
0.000000000000000000e+00 0.000000000000000000e+00 1.107161438821323562e-01 8.988300000000000178e-01
0.000000000000000000e+00 0.000000000000000000e+00 1.089724735885168327e-01 8.988300000000000178e-01
0.000000000000000000e+00 0.000000000000000000e+00 1.073086739977319598e-01 8.988300000000000178e-01
0.000000000000000000e+00 0.000000000000000000e+00 1.057188279741848730e-01 8.988300000000000178e-01
0.000000000000000000e+00 0.000000000000000000e+00 1.041976144503455326e-01 8.988300000000000178e-01
0.000000000000000000e+00 0.000000000000000000e+00 1.027402333828162789e-01 8.988300000000000178e-01
0.000000000000000000e+00 0.000000000000000000e+00 1.013423419419063470e-01 8.988300000000000178e-01
0.000000000000000000e+00 0.000000000000000000e+00 1.000000000000000056e-01 8.988300000000000178e-01
0.000000000000000000e+00 0.000000000000000000e+00 9.870962335856491021e-02 8.988300000000000178e-01
0.000000000000000000e+00 0.000000000000000000e+00 9.746794344808963617e-02 8.988300000000000178e-01
0.000000000000000000e+00 0.000000000000000000e+00 9.627197246824659160e-02 8.988300000000000178e-01
0.000000000000000000e+00 0.000000000000000000e+00 9.511897312113418157e-02 8.988300000000000178e-01
0.000000000000000000e+00 0.000000000000000000e+00 9.400643223910574997e-02 8.988300000000000178e-01
0.000000000000000000e+00 0.000000000000000000e+00 9.293203772845851085e-02 8.988300000000000178e-01
0.000000000000000000e+00 0.000000000000000000e+00 9.189365834726814786e-02 8.988300000000000178e-01
0.000000000000000000e+00 0.000000000000000000e+00 9.088932591463856625e-02 8.952299999999999702e-01
4.000000000000000222e-01 8.510638297872340566e-03 1.068500385488486693e-01 8.736300000000000177e-01
2.799999999999999822e+00 5.833333333333332732e-02 3.575572992154156249e-01 8.484300000000000175e-01
5.599999999999999645e+00 1.142857142857142821e-01 5.248906591678238476e-01 8.358299999999999619e-01
7.000000000000000000e+00 1.400000000000000133e-01 5.499090833947007928e-01 8.342100000000000071e-01
7.599999999999999645e+00 1.490196078431372528e-01 5.482136942082834752e-01 8.342100000000000071e-01
7.599999999999999645e+00 1.461538461538461342e-01 5.433024155964147894e-01 8.342100000000000071e-01
6.200000000000000178e+00 1.169811320754716999e-01 5.778084323975045677e-01 8.360100000000000309e-01
6.400000000000000355e+00 1.185185185185185230e-01 5.725427605166510947e-01 8.252099999999999991e-01
7.599999999999999645e+00 1.381818181818181834e-01 5.854263121368468159e-01 8.200800000000000312e-01
9.500000000000000000e+00 1.696428571428571508e-01 6.253340943782265127e-01 8.200800000000000312e-01
8.900000000000000355e+00 1.561403508771929960e-01 6.280064654543839886e-01 8.200800000000000312e-01
8.599999999999999645e+00 1.482758620689655082e-01 6.253940493829207581e-01 8.110800000000000232e-01
9.599999999999999645e+00 1.627118644067796494e-01 6.297425637821353339e-01 7.858800000000000230e-01
1.240000000000000036e+01 2.066666666666666652e-01 7.098982712724094535e-01 7.624800000000000466e-01
1.500000000000000000e+01 2.459016393442622905e-01 7.668487294973752588e-01 7.372800000000000464e-01
1.780000000000000071e+01 2.870967741935483986e-01 8.258883527934733904e-01 7.084799999999999986e-01
2.100000000000000000e+01 3.333333333333333148e-01 8.965542503437946564e-01 6.913799999999999946e-01
2.289999999999999858e+01 3.578124999999999778e-01 9.104951756290363685e-01 6.913799999999999946e-01
2.169999999999999929e+01 3.338461538461538480e-01 9.235844758459663684e-01 7.228799999999999670e-01
1.819999999999999929e+01 2.757575757575757569e-01 1.029277564540707290e+00 7.561799999999999633e-01
1.450000000000000000e+01 2.164179104477611804e-01 1.129601305298886027e+00 7.561799999999999633e-01
1.019999999999999929e+01 1.499999999999999944e-01 1.246111599194493769e+00 7.975799999999999557e-01
5.599999999999999645e+00 8.115942028985506651e-02 1.361081769505720462e+00 8.254799999999999915e-01
2.500000000000000000e+00 3.571428571428571230e-02 1.403061521335775552e+00 8.290800000000000392e-01
2.100000000000000089e+00 2.957746478873239659e-02 1.394091593389677586e+00 8.380800000000000471e-01
3.100000000000000533e+00 4.305555555555556219e-02 1.389027076458843712e+00 8.146800000000000708e-01
5.700000000000001066e+00 7.808219178082193013e-02 1.411134448449429479e+00 7.849800000000001221e-01
9.000000000000000000e+00 1.216216216216216284e-01 1.450095082648615197e+00 7.687800000000001299e-01
1.080000000000000071e+01 1.440000000000000169e-01 1.453202440588830635e+00 7.687800000000001299e-01
1.080000000000000071e+01 1.421052631578947345e-01 1.443703493932653625e+00 7.687800000000001299e-01
9.500000000000000000e+00 1.233766233766233761e-01 1.443561262259102085e+00 7.957800000000001539e-01
6.500000000000000000e+00 8.333333333333332871e-02 1.476692133831442266e+00 7.957800000000001539e-01
3.899999999999999911e+00 4.936708860759493611e-02 1.497666828282276485e+00 7.957800000000001539e-01
2.600000000000000089e+00 3.250000000000000111e-02 1.495808727745629785e+00 8.101800000000001223e-01
1.000000000000000000e+00 1.234567901234567833e-02 1.497436716530015310e+00 8.119800000000001461e-01
8.000000000000000444e-01 9.756097560975609748e-03 1.488460471311865652e+00 8.119800000000001461e-01
9.999999999999997780e-02 1.204819277108433407e-03 1.481491756817750138e+00 8.128800000000001580e-01
-2.775557561562891351e-17 -3.304235192336775235e-19 1.472687856882619828e+00 8.128800000000001580e-01
-2.775557561562891351e-17 -3.265361837132813309e-19 1.463999357119755818e+00 8.128800000000001580e-01
-2.775557561562891351e-17 -3.227392513445222456e-19 1.455462844947700951e+00 8.128800000000001580e-01
-2.775557561562891351e-17 -3.190296047773438290e-19 1.447073940234481215e+00 8.101800000000001223e-01
3.000000000000007105e-01 3.409090909090917165e-03 1.439179758785946062e+00 8.110800000000001342e-01
2.000000000000007327e-01 2.247191011235963494e-03 1.431113146390951441e+00 8.110800000000001342e-01
7.216449660063517513e-16 8.018277400070574261e-18 1.423298204094200825e+00 8.110800000000001342e-01
7.216449660063517513e-16 7.930164461608260563e-18 1.415456281033251607e+00 8.110800000000001342e-01
7.216449660063517513e-16 7.843967021808170607e-18 1.407742565398511392e+00 8.110800000000001342e-01
7.216449660063517513e-16 7.759623290390878317e-18 1.400153601404817705e+00 8.110800000000001342e-01
7.216449660063517513e-16 7.677074106450550841e-18 1.392686062285792392e+00 8.110800000000001342e-01
7.216449660063517513e-16 7.596262800066861043e-18 1.385336744166140166e+00 7.867800000000001459e-01
2.699999999999999734e+00 2.812499999999999722e-02 1.405102541112806636e+00 7.363800000000001456e-01
8.300000000000000711e+00 8.556701030927835183e-02 1.506890680792781989e+00 6.994800000000001017e-01
1.240000000000000036e+01 1.265306122448979498e-01 1.552519415265772418e+00 6.697800000000001530e-01
1.569999999999999929e+01 1.585858585858585801e-01 1.576917470026496959e+00 6.544800000000001727e-01
1.739999999999999858e+01 1.739999999999999880e-01 1.576491040253638731e+00 6.544800000000001727e-01
1.730000000000000071e+01 1.712871287128713005e-01 1.568901781102061355e+00 6.544800000000001727e-01
1.719999999999999929e+01 1.686274509803921406e-01 1.561420946129245868e+00 6.733800000000002006e-01
1.509999999999999964e+01 1.466019417475728226e-01 1.569664829350866153e+00 6.733800000000002006e-01
1.119999999999999751e+01 1.076923076923076705e-01 1.611240104564249265e+00 6.733800000000002006e-01
8.599999999999997868e+00 8.190476190476188301e-02 1.624970678263278678e+00 6.976800000000001889e-01
5.899999999999998579e+00 5.566037735849055368e-02 1.639493720098179175e+00 7.021800000000001374e-01
5.399999999999998579e+00 5.046728971962615579e-02 1.632690219157870937e+00 6.895800000000001928e-01
6.799999999999998046e+00 6.296296296296294281e-02 1.630246095521038496e+00 6.893100000000002003e-01
6.899999999999998579e+00 6.330275229357797129e-02 1.622754513502686846e+00 6.893100000000002003e-01
4.799999999999998046e+00 4.363636363636361898e-02 1.628358195613956561e+00 6.812100000000002042e-01
5.699999999999998401e+00 5.135135135135134032e-02 1.623024918342671929e+00 6.686100000000002597e-01
7.099999999999997868e+00 6.339285714285712581e-02 1.620735918369132778e+00 6.713100000000002954e-01
6.799999999999998046e+00 6.017699115044246316e-02 1.613907467547899932e+00 6.713100000000002954e-01
5.899999999999998579e+00 5.175438596491226811e-02 1.609305857561736941e+00 6.710400000000003029e-01
5.999999999999998224e+00 5.217391304347824416e-02 1.602299859364491930e+00 6.710400000000003029e-01
5.999999999999998224e+00 5.172413793103446816e-02 1.595385736440579461e+00 6.710400000000003029e-01
5.899999999999998579e+00 5.042735042735041473e-02 1.588614616125696211e+00 6.710400000000003029e-01
5.599999999999997868e+00 4.745762711864404820e-02 1.582194992397349953e+00 6.710400000000003029e-01
5.499999999999998224e+00 4.621848739495797165e-02 1.575590587736045434e+00 6.557400000000003226e-01
7.199999999999999289e+00 5.999999999999999084e-02 1.576197957110717640e+00 6.314400000000003343e-01
9.899999999999998579e+00 8.181818181818180380e-02 1.587763123245148789e+00 6.290100000000002911e-01
1.079999999999999893e+01 8.852459016393442182e-02 1.582962398262623305e+00 6.344100000000002515e-01
1.139999999999999858e+01 9.268292682926827786e-02 1.577183386943309840e+00 6.299100000000003030e-01
1.189999999999999858e+01 9.596774193548386622e-02 1.571233293777708262e+00 6.281100000000002792e-01
1.209999999999999787e+01 9.679999999999998328e-02 1.564963181675530501e+00 6.236100000000003307e-01
1.259999999999999787e+01 9.999999999999997780e-02 1.559151173219704534e+00 6.236100000000003307e-01
1.229999999999999893e+01 9.685039370078739329e-02 1.553403021151269492e+00 6.236100000000003307e-01
1.060000000000000142e+01 8.281250000000001110e-02 1.555389288841783735e+00 6.236100000000003307e-01
9.900000000000003908e+00 7.674418604651166154e-02 1.550869305011188803e+00 6.236100000000003307e-01
9.400000000000003908e+00 7.230769230769233669e-02 1.545714441963545349e+00 6.281100000000002792e-01
8.900000000000003908e+00 6.793893129770994799e-02 1.540608939564989122e+00 6.281100000000002792e-01
7.600000000000003197e+00 5.757575757575759956e-02 1.539338760643142345e+00 6.416100000000002357e-01
6.100000000000001421e+00 4.586466165413535107e-02 1.539432142067131526e+00 6.416100000000002357e-01
5.000000000000000000e+00 3.731343283582089221e-02 1.536844588701004266e+00 6.416100000000002357e-01
3.699999999999999289e+00 2.740740740740740117e-02 1.535429949660843452e+00 6.515100000000002556e-01
2.600000000000001421e+00 1.911764705882354129e-02 1.532803789383169857e+00 6.659100000000002240e-01
1.000000000000000000e+00 7.299270072992700489e-03 1.533405876462676787e+00 6.677100000000002478e-01
8.000000000000007105e-01 5.797101449275367593e-03 1.527941122810105856e+00 6.740100000000002201e-01
1.000000000000014211e-01 7.194244604316648835e-04 1.523603094281205994e+00 6.713100000000001844e-01
4.000000000000021316e-01 2.857142857142872319e-03 1.518361092811346014e+00 6.713100000000001844e-01
2.000000000000028422e-01 1.418439716312076999e-03 1.513063015923801879e+00 6.713100000000001844e-01
3.552713678800500929e-15 2.501911041408803528e-17 1.507819991497845846e+00 6.713100000000001844e-01
3.552713678800500929e-15 2.484415160000350298e-17 1.502538644302494619e+00 6.713100000000001844e-01
-8.881784197001252323e-16 -6.167905692361980438e-18 1.497312407096276221e+00 6.596100000000001407e-01
1.299999999999999156e+00 8.965517241379304669e-03 1.496013887146465215e+00 6.173100000000001364e-01
5.999999999999999112e+00 4.109589041095889489e-02 1.540266443454646472e+00 5.795100000000001916e-01
1.019999999999999929e+01 6.938775510204081565e-02 1.572623452424440904e+00 5.624100000000001875e-01
1.209999999999999787e+01 8.175675675675674048e-02 1.574459888607113500e+00 5.471100000000002073e-01
1.380000000000000071e+01 9.261744966442952975e-02 1.574720342050824007e+00 5.354100000000001636e-01
1.509999999999999787e+01 1.006666666666666543e-01 1.572534966931489864e+00 5.324400000000001354e-01
1.619999999999999929e+01 1.072847682119205254e-01 1.569413748803531794e+00 5.351400000000001711e-01
1.589999999999999858e+01 1.046052631578947290e-01 1.564589185015362371e+00 5.360400000000001830e-01
1.600000000000000000e+01 1.045751633986928136e-01 1.559467810566669277e+00 5.432400000000001672e-01
1.680000000000000071e+01 1.090909090909090995e-01 1.555399628623637565e+00 5.369400000000001949e-01
1.750000000000000000e+01 1.129032258064516098e-01 1.551095749105392718e+00 5.324400000000002464e-01
1.800000000000000000e+01 1.153846153846153910e-01 1.546424902889284914e+00 5.180400000000002780e-01
1.960000000000000142e+01 1.248407643312102050e-01 1.546010112398244596e+00 4.991400000000003057e-01
2.169999999999999929e+01 1.373417721518987167e-01 1.549049695504041368e+00 4.865400000000003056e-01
2.310000000000000142e+01 1.452830188679245238e-01 1.547393755843544216e+00 4.849200000000002952e-01
2.370000000000000284e+01 1.481250000000000067e-01 1.542966780062033694e+00 4.813200000000003032e-01
2.410000000000000497e+01 1.496894409937888637e-01 1.538294781643012143e+00 4.777200000000003111e-01
2.450000000000000355e+01 1.512345679012346011e-01 1.533664926074703949e+00 4.732200000000003071e-01
2.500000000000000355e+01 1.533742331288343863e-01 1.529195715007137579e+00 4.714200000000003388e-01
2.520000000000000284e+01 1.536585365853658791e-01 1.524530725234235495e+00 4.768200000000002992e-01
2.460000000000000497e+01 1.490909090909091073e-01 1.521029084726528646e+00 4.795200000000002793e-01
2.430000000000000426e+01 1.463855421686747205e-01 1.516838880272599610e+00 4.885200000000002873e-01
2.330000000000000426e+01 1.395209580838323582e-01 1.514874674519604669e+00 4.939200000000003032e-01
2.270000000000000284e+01 1.351190476190476386e-01 1.511430254559929409e+00 4.993200000000002636e-01
2.210000000000000497e+01 1.307692307692308042e-01 1.508006246749888701e+00 5.038200000000002676e-01
2.160000000000000497e+01 1.270588235294118074e-01 1.504337902850139796e+00 5.083200000000002161e-01
2.110000000000000497e+01 1.233918128654971080e-01 1.500694639837909738e+00 5.083200000000002161e-01
2.030000000000000426e+01 1.180232558139535093e-01 1.497971744825774776e+00 5.182200000000002360e-01
1.920000000000000284e+01 1.109826589595375862e-01 1.496487473026327120e+00 5.182200000000002360e-01
1.700000000000000355e+01 9.770114942528737578e-02 1.502371842144162528e+00 5.461200000000002719e-01
1.390000000000000213e+01 7.942857142857144559e-02 1.517339669773840605e+00 5.443200000000002481e-01
1.410000000000000320e+01 8.011363636363638685e-02 1.513050045977406333e+00 5.398200000000002996e-01
1.460000000000000320e+01 8.248587570621471188e-02 1.509098032358875852e+00 5.398200000000002996e-01
1.460000000000000320e+01 8.202247191011237393e-02 1.504865651381709357e+00 5.407200000000003115e-01
1.450000000000000355e+01 8.100558659217879653e-02 1.500717554618369753e+00 5.416200000000003234e-01
1.440000000000000391e+01 8.000000000000001554e-02 1.496603562144037669e+00 5.416200000000003234e-01
1.420000000000000284e+01 7.845303867403316533e-02 1.492607875462969913e+00 5.416200000000003234e-01
1.420000000000000284e+01 7.802197802197803622e-02 1.488512953488742685e+00 5.416200000000003234e-01
1.320000000000000284e+01 7.213114754098362558e-02 1.486566199255026532e+00 5.416200000000003234e-01
1.150000000000000000e+01 6.250000000000000000e-02 1.488235112473832222e+00 5.416200000000003234e-01
8.400000000000000355e+00 4.540540540540540654e-02 1.502212052894887906e+00 5.677200000000003355e-01
5.500000000000000000e+00 2.956989247311828106e-02 1.513571873089452957e+00 5.839200000000003277e-01
3.700000000000000178e+00 1.978609625668449265e-02 1.515405368269829411e+00 5.911200000000003119e-01
2.899999999999999911e+00 1.542553191489361673e-02 1.512545525879720021e+00 5.911200000000003119e-01
1.300000000000000044e+00 6.878306878306878445e-03 1.513084131291246859e+00 5.956200000000002603e-01
8.000000000000000444e-01 4.210526315789473589e-03 1.509542683587783429e+00 5.956200000000002603e-01
3.000000000000000444e-01 1.570680628272251578e-03 1.506025469973345743e+00 5.956200000000002603e-01
9.999999999999831246e-02 5.208333333333245441e-04 1.502168481029776181e+00 5.956200000000002603e-01
9.999999999999831246e-02 5.181347150258980381e-04 1.498271799236092550e+00 5.965200000000002722e-01
-1.776356839400250465e-15 -9.156478553609538303e-18 1.494422620637202659e+00 5.848200000000002285e-01
1.299999999999998268e+00 6.666666666666657554e-03 1.493475267980148402e+00 5.614200000000002522e-01
3.899999999999997691e+00 1.989795918367345817e-02 1.501075121437936755e+00 5.074200000000002042e-01
9.899999999999998579e+00 5.025380710659897721e-02 1.556405606755293380e+00 4.534200000000002118e-01
1.589999999999999858e+01 8.030303030303029277e-02 1.608740617010430363e+00 4.228200000000001957e-01
1.930000000000000071e+01 9.698492462311558704e-02 1.621771150036069420e+00 4.190400000000001901e-01
2.069999999999999929e+01 1.034999999999999948e-01 1.620320261553252150e+00 4.127400000000002178e-01
2.139999999999999858e+01 1.064676616915422869e-01 1.616829389215156398e+00 4.127400000000002178e-01
2.139999999999999858e+01 1.059405940594059375e-01 1.612839681448559936e+00 4.208400000000002139e-01
2.050000000000000000e+01 1.009852216748768489e-01 1.610403068836052887e+00 4.208400000000002139e-01
1.900000000000000000e+01 9.313725490196078649e-02 1.610337913870056870e+00 4.415400000000002101e-01
1.669999999999999929e+01 8.146341463414634443e-02 1.615035393368282390e+00 4.739400000000001945e-01
1.309999999999999964e+01 6.359223300970873183e-02 1.631303222168742018e+00 4.910400000000001985e-01
1.119999999999999929e+01 5.410628019323671101e-02 1.633043466828097312e+00 4.577400000000002023e-01
1.489999999999999858e+01 7.163461538461537992e-02 1.648517172034942080e+00 4.136400000000002297e-01
1.979999999999999716e+01 9.473684210526314708e-02 1.677980402800738569e+00 3.776400000000002533e-01
2.379999999999999716e+01 1.133333333333333137e-01 1.695431770638054392e+00 3.605400000000002492e-01
2.569999999999999574e+01 1.218009478672985590e-01 1.695854599586146927e+00 3.591900000000002313e-01
2.619999999999999574e+01 1.235849056603773449e-01 1.692048657067925177e+00 3.573900000000002630e-01
2.639999999999999858e+01 1.239436619718309734e-01 1.688080120870632417e+00 3.852900000000002434e-01
2.329999999999999716e+01 1.088785046728971834e-01 1.698423032793360710e+00 3.852900000000002434e-01
1.960000000000000142e+01 9.116279069767442567e-02 1.714172400901034399e+00 3.852900000000002434e-01
1.889999999999999858e+01 8.749999999999999445e-02 1.711042905386674917e+00 3.888900000000002355e-01
1.929999999999999716e+01 8.894009216589859879e-02 1.707227056433180845e+00 3.897900000000001919e-01
1.939999999999999858e+01 8.899082568807338556e-02 1.703307061239975440e+00 3.978900000000001880e-01
1.850000000000000000e+01 8.447488584474885376e-02 1.700721327777542369e+00 3.978900000000001880e-01
1.750000000000000000e+01 7.954545454545454419e-02 1.698418990153991004e+00 4.077900000000002079e-01
1.639999999999999858e+01 7.420814479638009054e-02 1.696420221388400984e+00 4.077900000000002079e-01
1.559999999999999787e+01 7.027027027027026029e-02 1.693607195414387201e+00 4.077900000000002079e-01
1.559999999999999787e+01 6.995515695067264228e-02 1.689812125773343165e+00 4.041900000000002158e-01
1.599999999999999467e+01 7.142857142857141073e-02 1.686179566538583252e+00 4.020300000000002205e-01
1.679999999999999716e+01 7.466666666666665897e-02 1.683126191875635280e+00 3.957300000000002482e-01
1.749999999999999289e+01 7.743362831858403850e-02 1.679911122154431835e+00 3.943800000000002304e-01
1.799999999999999289e+01 7.929515418502199042e-02 1.676440385647070874e+00 3.799800000000002065e-01
1.959999999999999432e+01 8.596491228070173019e-02 1.675775661878489808e+00 3.610800000000002341e-01
2.169999999999999574e+01 9.475982532751089926e-02 1.677378011873851049e+00 3.448800000000002419e-01
2.349999999999999645e+01 1.021739130434782400e-01 1.677483769173701900e+00 3.349800000000002220e-01
2.459999999999999787e+01 1.064935064935064873e-01 1.675130362233732129e+00 3.313800000000002299e-01
2.499999999999999289e+01 1.077586206896551380e-01 1.671626858939856852e+00 3.376800000000002022e-01
2.429999999999999361e+01 1.042918454935621991e-01 1.668871413457170272e+00 3.376800000000002022e-01
2.309999999999999432e+01 9.871794871794870030e-02 1.667473670501155247e+00 3.376800000000002022e-01
2.069999999999999218e+01 8.808510638297868678e-02 1.671852887625967732e+00 3.376800000000002022e-01
1.719999999999999218e+01 7.288135593220335107e-02 1.684508730725277736e+00 3.709800000000001985e-01
1.349999999999999289e+01 5.696202531645566669e-02 1.698648026137664413e+00 4.096800000000002107e-01
9.199999999999992184e+00 3.865546218487391633e-02 1.718344388042031268e+00 4.627800000000001912e-01
3.299999999999992717e+00 1.380753138075310749e-02 1.757071111772691818e+00 4.924800000000001954e-01
-1.776356839400250465e-15 -7.401486830834376833e-18 1.766352173265569370e+00 4.924800000000001954e-01
-1.776356839400250465e-15 -7.370775267220956291e-18 1.762683732808785431e+00 4.924800000000001954e-01
-1.776356839400250465e-15 -7.340317518182853364e-18 1.759038054174228982e+00 4.924800000000001954e-01
-1.776356839400250465e-15 -7.310110450206792657e-18 1.755414902945022115e+00 4.924800000000001954e-01
-1.776356839400250465e-15 -7.280150981148567857e-18 1.751814048070283514e+00 4.924800000000001954e-01
-1.776356839400250465e-15 -7.250436079184696428e-18 1.748235261803240403e+00 4.924800000000001954e-01
-1.776356839400250465e-15 -7.220962761789636799e-18 1.744678319640726727e+00 4.924800000000001954e-01
-1.776356839400250465e-15 -7.191728094737856207e-18 1.741143000264028018e+00 4.924800000000001954e-01
-1.776356839400250465e-15 -7.162729191130041997e-18 1.737629085481040558e+00 4.924800000000001954e-01
-3.552713678800500929e-15 -1.426792642088554459e-17 1.734136360169710178e+00 4.924800000000001954e-01
-3.552713678800500929e-15 -1.421085471520200401e-17 1.730664612222714727e+00 4.924800000000001954e-01
-3.552713678800500929e-15 -1.415423776414542178e-17 1.727213632493362461e+00 4.924800000000001954e-01
-3.552713678800500929e-15 -1.409807015397024100e-17 1.723783214742669267e+00 4.919400000000002104e-01
1.999999999999957367e-01 7.905138339920780464e-04 1.720418923495402375e+00 4.757400000000002183e-01
1.999999999999996447e+00 7.874015748031482076e-03 1.720721616580021651e+00 4.982400000000002382e-01
4.499999999999996447e+00 1.764705882352939764e-02 1.724393145013566997e+00 4.811400000000002342e-01
6.400000000000002132e+00 2.500000000000000833e-02 1.725022644778902547e+00 4.739400000000002500e-01
7.200000000000001066e+00 2.801556420233463490e-02 1.722339247142684160e+00 4.728600000000002246e-01
7.600000000000000533e+00 2.945736434108527438e-02 1.719153527999568665e+00 4.764600000000002167e-01
7.200000000000001066e+00 2.779922779922780474e-02 1.716038183868183076e+00 4.764600000000002167e-01
6.600000000000000533e+00 2.538461538461538741e-02 1.713175707835352002e+00 4.764600000000002167e-01
6.500000000000000888e+00 2.490421455938697515e-02 1.709908158459213512e+00 4.890600000000002168e-01
5.100000000000000533e+00 1.946564885496183256e-02 1.708902068391969120e+00 4.953600000000001891e-01
4.400000000000001243e+00 1.673003802281369454e-02 1.706224778732742253e+00 4.854600000000001692e-01
5.500000000000000000e+00 2.083333333333333218e-02 1.704289837735970758e+00 5.079600000000001891e-01
3.000000000000000000e+00 1.132075471698113130e-02 1.708078516307470096e+00 5.115600000000002368e-01
3.400000000000000355e+00 1.278195488721804718e-02 1.705030748905123961e+00 5.151600000000002844e-01
3.000000000000000000e+00 1.123595505617977497e-02 1.702021591705677350e+00 5.160600000000002963e-01
2.900000000000000355e+00 1.082089552238806041e-02 1.698856748376294190e+00 5.160600000000002963e-01
1.300000000000000711e+00 4.832713754646843045e-03 1.698527371648264062e+00 5.205600000000002447e-01
8.000000000000007105e-01 2.962962962962965418e-03 1.695656356727311520e+00 5.250600000000001932e-01
3.000000000000007105e-01 1.107011070110703677e-03 1.692799672213474826e+00 5.277600000000002289e-01
0.000000000000000000e+00 0.000000000000000000e+00 1.689783313640782714e+00 5.277600000000002289e-01
0.000000000000000000e+00 0.000000000000000000e+00 1.686685633100734272e+00 5.304600000000002646e-01
3.000000000000007105e-01 1.094890510948907806e-03 1.683702116115944447e+00 4.908600000000002406e-01
4.700000000000001066e+00 1.709090909090909410e-02 1.701368083446936019e+00 4.458600000000002561e-01
9.699999999999999289e+00 3.514492753623188470e-02 1.724471242425495099e+00 4.080600000000002558e-01
1.390000000000000036e+01 5.018050541516245328e-02 1.739385022422137439e+00 3.828600000000002557e-01
1.669999999999999929e+01 6.007194244604316391e-02 1.744041034928631495e+00 3.612600000000002476e-01
1.910000000000000142e+01 6.845878136200717057e-02 1.746519772691217609e+00 3.486600000000002475e-01
2.050000000000000000e+01 7.321428571428571785e-02 1.745206810445251833e+00 3.486600000000002475e-01
2.050000000000000000e+01 7.295373665480427150e-02 1.742104148042931122e+00 3.486600000000002475e-01
1.969999999999999929e+01 6.985815602836879801e-02 1.739786603778980201e+00 3.468600000000002792e-01
1.989999999999999858e+01 7.031802120141342205e-02 1.736727224878113374e+00 3.423600000000002752e-01
2.039999999999999858e+01 7.183098591549295919e-02 1.733853730903109680e+00 3.468600000000002792e-01
2.089999999999999858e+01 7.333333333333333370e-02 1.730994373320674962e+00 3.423600000000002752e-01
2.139999999999999858e+01 7.482517482517482554e-02 1.728149037354788975e+00 3.468600000000002792e-01
2.189999999999999858e+01 7.630662020905923382e-02 1.725317609519835260e+00 3.423600000000002752e-01
2.239999999999999503e+01 7.777777777777776513e-02 1.722499977602178545e+00 3.423600000000002752e-01
2.209999999999999787e+01 7.647058823529410965e-02 1.719660383305388063e+00 3.486600000000003030e-01
2.139999999999999503e+01 7.379310344827584578e-02 1.717296218484569703e+00 3.486600000000003030e-01
2.079999999999999716e+01 7.147766323024054569e-02 1.714796396803643708e+00 3.486600000000003030e-01
2.029999999999999716e+01 6.952054794520547143e-02 1.712183110243305828e+00 3.504600000000002713e-01
2.049999999999999645e+01 6.996587030716722166e-02 1.709275737943769968e+00 3.612600000000002476e-01
1.929999999999999716e+01 6.564625850340134738e-02 1.707967550563686210e+00 3.792600000000002636e-01
1.729999999999999716e+01 5.864406779661016089e-02 1.709292110021006117e+00 3.810600000000002319e-01
1.709999999999999787e+01 5.777027027027026307e-02 1.706468346467206354e+00 3.846600000000002240e-01
1.669999999999999574e+01 5.622895622895621170e-02 1.703799454330138685e+00 4.062600000000002320e-01
1.429999999999999716e+01 4.798657718120804411e-02 1.706859229506062281e+00 4.062600000000002320e-01
1.189999999999999858e+01 3.979933110367892685e-02 1.709853783144042350e+00 4.170600000000002638e-01
1.069999999999999574e+01 3.566666666666665209e-02 1.708496772669536590e+00 4.215600000000002678e-01
1.019999999999999574e+01 3.388704318936875542e-02 1.705934874064578333e+00 4.215600000000002678e-01
9.399999999999995026e+00 3.112582781456952122e-02 1.703781747303775518e+00 4.107600000000002916e-01
1.059999999999999432e+01 3.498349834983496137e-02 1.702288476091319280e+00 3.909600000000003073e-01
1.279999999999999893e+01 4.210526315789473589e-02 1.704001726424157370e+00 3.990600000000003034e-01
1.369999999999999751e+01 4.491803278688524109e-02 1.701912735863531534e+00 3.990600000000003034e-01
1.229999999999999893e+01 4.019607843137254499e-02 1.701129563442657977e+00 4.161600000000003075e-01
1.039999999999999858e+01 3.387622149837132834e-02 1.701951062135347748e+00 4.323600000000002996e-01
8.599999999999997868e+00 2.792207792207791403e-02 1.702385520809142960e+00 4.323600000000002996e-01
5.499999999999998224e+00 1.779935275080905474e-02 1.708887962908348213e+00 4.323600000000002996e-01
5.499999999999998224e+00 1.774193548387096100e-02 1.706129764148197170e+00 4.530600000000002958e-01
3.199999999999997513e+00 1.028938906752410731e-02 1.708431026469175551e+00 4.530600000000002958e-01
1.999999999999996447e+00 6.410256410256398758e-03 1.707062234575915660e+00 4.530600000000002958e-01
5.999999999999978684e-01 1.916932907348235923e-03 1.706180130721041355e+00 4.530600000000002958e-01
-3.552713678800500929e-15 -1.131437477325000353e-17 1.703798678337828942e+00 4.530600000000002958e-01
-3.552713678800500929e-15 -1.127845612317619342e-17 1.701092086194714303e+00 4.530600000000002958e-01
-3.552713678800500929e-15 -1.124276480633069897e-17 1.698398351984985899e+00 4.530600000000002958e-01
-3.552713678800500929e-15 -1.120729867129495527e-17 1.695717374225201191e+00 4.530600000000002958e-01
-3.552713678800500929e-15 -1.117205559371226767e-17 1.693049052549754796e+00 4.530600000000002958e-01
-3.552713678800500929e-15 -1.113703347586363884e-17 1.690393287695097113e+00 4.530600000000002958e-01
0.000000000000000000e+00 0.000000000000000000e+00 1.687749981484224282e+00 4.530600000000002958e-01
0.000000000000000000e+00 0.000000000000000000e+00 1.685119036811435045e+00 4.530600000000002958e-01
0.000000000000000000e+00 0.000000000000000000e+00 1.682500357627346510e+00 4.305600000000002758e-01
2.500000000000000000e+00 7.739938080495356067e-03 1.685625486937415429e+00 3.981600000000002915e-01
6.100000000000001421e+00 1.882716049382716569e-02 1.694776974949170789e+00 4.035600000000003074e-01
5.500000000000000000e+00 1.692307692307692263e-02 1.692514672657157160e+00 4.035600000000003074e-01
3.200000000000002842e+00 9.815950920245408023e-03 1.694766926586393163e+00 4.071600000000002995e-01
3.600000000000001421e+00 1.100917431192660959e-02 1.692310697043742040e+00 4.004100000000003212e-01
6.100000000000001421e+00 1.859756097560975874e-02 1.695291681930669814e+00 3.734100000000003527e-01
9.100000000000001421e+00 2.765957446808511161e-02 1.700650955177016810e+00 3.671100000000003249e-01
9.800000000000002487e+00 2.969696969696970432e-02 1.698474332949363896e+00 3.779100000000003567e-01
8.600000000000001421e+00 2.598187311178248166e-02 1.697249023392134459e+00 3.941100000000003489e-01
6.800000000000000711e+00 2.048192771084337421e-02 1.697642521024807616e+00 4.022100000000003450e-01
5.900000000000002132e+00 1.771771771771772294e-02 1.695839694270971254e+00 4.022100000000003450e-01
5.600000000000001421e+00 1.676646706586826935e-02 1.693388082206608303e+00 4.058100000000003371e-01
6.000000000000000000e+00 1.791044776119403090e-02 1.690987998151034732e+00 3.950100000000003608e-01
7.200000000000002842e+00 2.142857142857143571e-02 1.689697171274262777e+00 4.058100000000003371e-01
8.400000000000002132e+00 2.492581602373887886e-02 1.688405761441322150e+00 4.139100000000003332e-01
9.300000000000002487e+00 2.751479289940829062e-02 1.686576056440938665e+00 4.292100000000003135e-01
7.600000000000001421e+00 2.241887905604720080e-02 1.686690582909455616e+00 4.292100000000003135e-01
5.500000000000000000e+00 1.617647058823529563e-02 1.688125508830434551e+00 4.562100000000003375e-01
2.500000000000000000e+00 7.331378299120235031e-03 1.693520229292011514e+00 4.562100000000003375e-01
1.000000000000014211e-01 2.923976608187176299e-04 1.696030772816302878e+00 4.571100000000003494e-01
3.552713678800500929e-15 1.035776582740670808e-17 1.693565252745261818e+00 4.571100000000003494e-01
7.105427357601001859e-15 2.065531208604942372e-17 1.691101883801017225e+00 4.571100000000003494e-01
7.105427357601001859e-15 2.059544161623478825e-17 1.688649232932659006e+00 4.571100000000003494e-01
7.105427357601001859e-15 2.053591721850000436e-17 1.686207222641351811e+00 4.571100000000003494e-01
7.105427357601001859e-15 2.047673590086743917e-17 1.683775776210512776e+00 4.571100000000003494e-01
7.105427357601001859e-15 2.041789470575000506e-17 1.681354817695689619e+00 4.571100000000003494e-01
7.105427357601001859e-15 2.035939070945845742e-17 1.678944271914598829e+00 4.571100000000003494e-01
7.105427357601001859e-15 2.030122102171714815e-17 1.676544064437317516e+00 4.571100000000003494e-01
7.105427357601001859e-15 2.024338278518804049e-17 1.674154121576631571e+00 4.571100000000003494e-01
5.329070518200751394e-15 1.513940488125213352e-17 1.671774370378534602e+00 4.571100000000003494e-01
5.329070518200751394e-15 1.509651704872734254e-17 1.669404738612873418e+00 4.571100000000003494e-01
5.329070518200751394e-15 1.505387152034110558e-17 1.667045154764140946e+00 4.568400000000003569e-01
1.000000000000049738e-01 2.816901408450844238e-04 1.664703984878507459e+00 4.550400000000003331e-01
3.000000000000060396e-01 8.426966292135000796e-04 1.662397878244774585e+00 4.568400000000003569e-01
5.000000000000053291e-01 1.400560224089650828e-03 1.660101326359688878e+00 4.559400000000003450e-01
6.000000000000049738e-01 1.675977653631298761e-03 1.657789295273523367e+00 4.568400000000003569e-01
5.000000000000053291e-01 1.392757660167145669e-03 1.655487459556784557e+00 4.595400000000003371e-01
2.000000000000046185e-01 5.555555555555683487e-04 1.653262673967994312e+00 4.613400000000003609e-01
5.329070518200751394e-15 1.476196819446191602e-17 1.651004898392259612e+00 4.613400000000003609e-01
5.329070518200751394e-15 1.472118927679765517e-17 1.648722927849818998e+00 4.613400000000003609e-01
5.329070518200751394e-15 1.468063503636570673e-17 1.646450393443915861e+00 4.613400000000003609e-01
5.329070518200751394e-15 1.464030362143063607e-17 1.644187230321306314e+00 4.613400000000003609e-01
5.329070518200751394e-15 1.460019320055000239e-17 1.641933374251054012e+00 4.613400000000003609e-01
5.329070518200751394e-15 1.456030196229713571e-17 1.639688761616873824e+00 4.610700000000003684e-01
1.000000000000049738e-01 2.724795640327111121e-04 1.637461626941480564e+00 4.619700000000003803e-01
0.000000000000000000e+00 0.000000000000000000e+00 1.635243632958231386e+00 4.619700000000003803e-01
0.000000000000000000e+00 0.000000000000000000e+00 1.633026352436076634e+00 4.619700000000003803e-01
0.000000000000000000e+00 0.000000000000000000e+00 1.630818066973617864e+00 4.617000000000003879e-01
9.999999999999964473e-02 2.695417789757402894e-04 1.628626968755586768e+00 4.617000000000003879e-01
9.999999999999964473e-02 2.688172043010742928e-04 1.626436480979826626e+00 4.626000000000003998e-01
0.000000000000000000e+00 0.000000000000000000e+00 1.624263083063418378e+00 4.626000000000003998e-01
0.000000000000000000e+00 0.000000000000000000e+00 1.622090154889128000e+00 4.626000000000003998e-01
0.000000000000000000e+00 0.000000000000000000e+00 1.619925924232339609e+00 4.626000000000003998e-01
0.000000000000000000e+00 0.000000000000000000e+00 1.617770333225278856e+00 4.626000000000003998e-01
0.000000000000000000e+00 0.000000000000000000e+00 1.615623324537762029e+00 4.626000000000003998e-01
0.000000000000000000e+00 0.000000000000000000e+00 1.613484841370792955e+00 4.626000000000003998e-01
0.000000000000000000e+00 0.000000000000000000e+00 1.611354827450251381e+00 4.626000000000003998e-01
0.000000000000000000e+00 0.000000000000000000e+00 1.609233227020672841e+00 4.626000000000003998e-01
0.000000000000000000e+00 0.000000000000000000e+00 1.607119984839119331e+00 4.626000000000003998e-01
0.000000000000000000e+00 0.000000000000000000e+00 1.605015046169137705e+00 4.626000000000003998e-01
0.000000000000000000e+00 0.000000000000000000e+00 1.602918356774804653e+00 4.626000000000003998e-01
-3.108624468950438313e-15 -8.095376221225100288e-18 1.600829862914856960e+00 4.626000000000003998e-01
-3.108624468950438313e-15 -8.074349270001138084e-18 1.598749511336907458e+00 4.626000000000003998e-01
-3.108624468950438313e-15 -8.053431266710979423e-18 1.596677249271739596e+00 4.626000000000003998e-01
-3.108624468950438313e-15 -8.032621366796997600e-18 1.594613024427687931e+00 4.626000000000003998e-01
-3.108624468950438313e-15 -8.011918734408345437e-18 1.592556784985095009e+00 4.626000000000003998e-01
-3.108624468950438313e-15 -7.991322542289044891e-18 1.590508479590846402e+00 4.626000000000003998e-01
-3.108624468950438313e-15 -7.970831971667789962e-18 1.588468057352985907e+00 4.626000000000003998e-01
-3.108624468950438313e-15 -7.950446212149458290e-18 1.586435467835404234e+00 4.626000000000003998e-01
-3.108624468950438313e-15 -7.930164461608260563e-18 1.584410661052601865e+00 4.626000000000003998e-01
-3.108624468950438313e-15 -7.909985926082540057e-18 1.582393587464526741e+00 4.626000000000003998e-01
-3.108624468950438313e-15 -7.889909819671163771e-18 1.580384197971483662e+00 4.620600000000004148e-01
1.999999999999961808e-01 5.063291139240410146e-04 1.578414441360100895e+00 4.494600000000004147e-01
1.599999999999994760e+00 4.040404040404027390e-03 1.577984214175064404e+00 4.620600000000004148e-01
2.999999999999993339e+00 7.556675062972275508e-03 1.577548180532463817e+00 4.620600000000004148e-01
2.999999999999993339e+00 7.537688442211038474e-03 1.575565135058127897e+00 4.620600000000004148e-01
2.099999999999994760e+00 5.263157894736828976e-03 1.574243620238209740e+00 4.615200000000004299e-01
2.300000000000000711e+00 5.750000000000001638e-03 1.572304657978217612e+00 4.408200000000004337e-01
4.600000000000001421e+00 1.147132169576060151e-02 1.574506400047653409e+00 4.120200000000004414e-01
7.800000000000000711e+00 1.940298507462686825e-02 1.580547685726932050e+00 4.063500000000004331e-01
9.900000000000002132e+00 2.456575682382134557e-02 1.581975709023077048e+00 3.991500000000004489e-01
1.069999999999999929e+01 2.648514851485148439e-02 1.580486365258977122e+00 3.991500000000004489e-01
1.019999999999999929e+01 2.518518518518518198e-02 1.578750178527392523e+00 4.000500000000004608e-01
1.010000000000000142e+01 2.487684729064039771e-02 1.576816915757384807e+00 3.946500000000004449e-01
1.069999999999999929e+01 2.628992628992628949e-02 1.575135966042342073e+00 3.941100000000004600e-01
1.090000000000000036e+01 2.671568627450980615e-02 1.573227916110202740e+00 3.896100000000004560e-01
1.140000000000000036e+01 2.787286063569682087e-02 1.571477315156264210e+00 3.923100000000004361e-01
1.109999999999999964e+01 2.707317073170731683e-02 1.569643029019172520e+00 3.923100000000004361e-01
1.000000000000000000e+01 2.433090024330900394e-02 1.568715353819152281e+00 4.031100000000004124e-01
8.800000000000000711e+00 2.135922330097087679e-02 1.567968228665444164e+00 4.085100000000004283e-01
8.199999999999999289e+00 1.985472154963680361e-02 1.566366526428898176e+00 4.049100000000004362e-01
8.599999999999999645e+00 2.077294685990338161e-02 1.564584920226914866e+00 3.905100000000004679e-01
1.019999999999999929e+01 2.457831325301204628e-02 1.564615739580083931e+00 3.761100000000004440e-01
1.180000000000000249e+01 2.836538461538462216e-02 1.564637221762556596e+00 3.653100000000004677e-01
1.300000000000000178e+01 3.117505995203837324e-02 1.563810389970878623e+00 3.626100000000004875e-01
1.330000000000000249e+01 3.181818181818182184e-02 1.561993893675627465e+00 3.626100000000004875e-01
1.280000000000000249e+01 3.054892601431981672e-02 1.560344626999052631e+00 3.626100000000004875e-01
1.170000000000000107e+01 2.785714285714285809e-02 1.559459667892155732e+00 3.626100000000004875e-01
1.170000000000000107e+01 2.779097387173396980e-02 1.557607067198114814e+00 3.563100000000004597e-01
1.240000000000000213e+01 2.938388625592417563e-02 1.556103744006168466e+00 3.528000000000004466e-01
1.370000000000000107e+01 3.238770685579196729e-02 1.555487721903675569e+00 3.591000000000004744e-01
1.440000000000000213e+01 3.396226415094340256e-02 1.553989800630235063e+00 3.591000000000004744e-01
1.430000000000000249e+01 3.364705882352941879e-02 1.552174070786121796e+00 3.555000000000004823e-01
1.470000000000000107e+01 3.450704225352112936e-02 1.550452566429727508e+00 3.591000000000004744e-01
1.510000000000000142e+01 3.536299765807962570e-02 1.548736751023363833e+00 3.609000000000004982e-01
1.530000000000000249e+01 3.574766355140187452e-02 1.546946842802672917e+00 3.654000000000005022e-01
1.580000000000000249e+01 3.682983682983683588e-02 1.545305009518540773e+00 3.771000000000004904e-01
1.450000000000000178e+01 3.372093023255814254e-02 1.544849692780127848e+00 3.978000000000004865e-01
1.220000000000000107e+01 2.830626450116009371e-02 1.547136163986335244e+00 4.077000000000005064e-01
1.110000000000000142e+01 2.569444444444444683e-02 1.546295447299611769e+00 4.158000000000005025e-01
1.200000000000000178e+01 2.771362586605081307e-02 1.545078932107519121e+00 4.059000000000004826e-01
1.310000000000000142e+01 3.018433179723502627e-02 1.544153971195591613e+00 4.140000000000004787e-01
1.220000000000000107e+01 2.804597701149425665e-02 1.543021248265479262e+00 4.140000000000004787e-01
8.900000000000002132e+00 2.041284403669725231e-02 1.549451164809207304e+00 4.140000000000004787e-01
7.700000000000002842e+00 1.762013729977117416e-02 1.548775499892793839e+00 4.149000000000004906e-01
7.600000000000001421e+00 1.735159817351598563e-02 1.547016666321485046e+00 4.113000000000004985e-01
8.000000000000001776e+00 1.822323462414578849e-02 1.545361355094678535e+00 4.113000000000004985e-01
5.500000000000005329e+00 1.250000000000001284e-02 1.548255066195489693e+00 4.311000000000004828e-01
3.300000000000004263e+00 7.482993197278920913e-03 1.550075198323961123e+00 4.392000000000004789e-01
2.400000000000005684e+00 5.429864253393677960e-03 1.548920926624784533e+00 4.482000000000004869e-01
1.400000000000005684e+00 3.160270880361186474e-03 1.547907329501375440e+00 4.554000000000004711e-01
6.000000000000049738e-01 1.351351351351362485e-03 1.546631903822495380e+00 4.608000000000004870e-01
7.105427357601001859e-15 1.596725248899101682e-17 1.545155531970011209e+00 4.608000000000004870e-01
7.105427357601001859e-15 1.593145147444170797e-17 1.543422322751525133e+00 4.608000000000004870e-01
7.105427357601001859e-15 1.589581064340268838e-17 1.541694932929092543e+00 4.608000000000004870e-01
-5.329070518200751394e-15 -1.189524669241239084e-17 1.539973330010249608e+00 4.608000000000004870e-01
-5.329070518200751394e-15 -1.186875393808630625e-17 1.538257481755955558e+00 4.608000000000004870e-01
-5.329070518200751394e-15 -1.184237892933500386e-17 1.536547356178057377e+00 4.608000000000004870e-01
-5.329070518200751394e-15 -1.181612088292849532e-17 1.534842921536785365e+00 4.617000000000004989e-01
9.999999999999609201e-02 2.212389380530886956e-04 1.533151345561965195e+00 4.617000000000004989e-01
-5.329070518200751394e-15 -1.176395257880960572e-17 1.531465413734761194e+00 4.617000000000004989e-01
-5.329070518200751394e-15 -1.173804078898843951e-17 1.529777848028000653e+00 4.617000000000004989e-01
-5.329070518200751394e-15 -1.171224289714450855e-17 1.528095848785973043e+00 4.617000000000004989e-01
-5.329070518200751394e-15 -1.168655815394901557e-17 1.526419385474017565e+00 4.617000000000004989e-01
-5.329070518200751394e-15 -1.166098581663184070e-17 1.524748427791455807e+00 4.617000000000004989e-01
-5.329070518200751394e-15 -1.163552514890993694e-17 1.523082945669291588e+00 4.617000000000004989e-01
-5.329070518200751394e-15 -1.161017542091667006e-17 1.521422909267937884e+00 4.617000000000004989e-01
-5.329070518200751394e-15 -1.158493590913206762e-17 1.519768288974971737e+00 4.617000000000004989e-01
-5.329070518200751394e-15 -1.155980589631399392e-17 1.518119055402915363e+00 4.617000000000004989e-01
-5.329070518200751394e-15 -1.153478467143019858e-17 1.516475179387044792e+00 4.617000000000004989e-01
-5.329070518200751394e-15 -1.150987152959125564e-17 1.514836631983222048e+00 4.617000000000004989e-01
-7.105427357601001859e-15 -1.531342102931250379e-17 1.513203384465756640e+00 4.617000000000004989e-01
-7.105427357601001859e-15 -1.528048894107742334e-17 1.511575408325288805e+00 4.617000000000004989e-01
-7.105427357601001859e-15 -1.524769819227682797e-17 1.509952675266700073e+00 4.617000000000004989e-01
-7.105427357601001859e-15 -1.521504787494861297e-17 1.508335157207047805e+00 4.617000000000004989e-01
-7.105427357601001859e-15 -1.518253708889103114e-17 1.506722826273523719e+00 4.617000000000004989e-01
-7.105427357601001859e-15 -1.515016494157996103e-17 1.505115654801436831e+00 4.617000000000004989e-01
-7.105427357601001859e-15 -1.511793054808723825e-17 1.503513615332219722e+00 4.617000000000004989e-01
-7.105427357601001859e-15 -1.508583303100000368e-17 1.501916680611457444e+00 4.617000000000004989e-01
-7.105427357601001859e-15 -1.505387152034110558e-17 1.500324823586941303e+00 4.617000000000004989e-01
-7.105427357601001859e-15 -1.502204515349049082e-17 1.498738017406743506e+00 4.617000000000004989e-01
-7.105427357601001859e-15 -1.499035307510759760e-17 1.497156235417314463e+00 4.617000000000004989e-01
-7.105427357601001859e-15 -1.495879443705474042e-17 1.495579451161603179e+00 4.617000000000004989e-01
-7.105427357601001859e-15 -1.492736839832143183e-17 1.494007638377197633e+00 4.617000000000004989e-01
-7.105427357601001859e-15 -1.489607412494969023e-17 1.492440770994488908e+00 4.617000000000004989e-01
-7.105427357601001859e-15 -1.486491078996025366e-17 1.490878823134853759e+00 4.617000000000004989e-01
-7.105427357601001859e-15 -1.483387757327975188e-17 1.489321769108860050e+00 4.617000000000004989e-01
8.881784197001252323e-16 1.850371707708594208e-18 1.487769583414492836e+00 4.617000000000004989e-01
8.881784197001252323e-16 1.846524781081341542e-18 1.486222240735398659e+00 4.617000000000004989e-01
8.881784197001252323e-16 1.842693816805239073e-18 1.484679715939152267e+00 4.617000000000004989e-01
8.881784197001252323e-16 1.838878715735249061e-18 1.483141984075542430e+00 4.617000000000004989e-01
8.881784197001252323e-16 1.835079379545713341e-18 1.481609020374875518e+00 4.617000000000004989e-01
8.881784197001252323e-16 1.831295710721907738e-18 1.480080800246301287e+00 4.617000000000004989e-01
8.881784197001252323e-16 1.827527612551698164e-18 1.478557299276155312e+00 4.617000000000004989e-01
8.881784197001252323e-16 1.823774989117300340e-18 1.477038493226320526e+00 4.617000000000004989e-01
8.881784197001252323e-16 1.820037745287141964e-18 1.475524358032608285e+00 4.617000000000004989e-01
1.776356839400250465e-15 3.632631573415645464e-18 1.474014869803157213e+00 4.617000000000004989e-01
1.776356839400250465e-15 3.625218039592348214e-18 1.472510004816848239e+00 4.617000000000004989e-01
1.776356839400250465e-15 3.617834703462831563e-18 1.471009739521741189e+00 4.617000000000004989e-01
1.776356839400250465e-15 3.610481380894818400e-18 1.469514050533524907e+00 4.617000000000004989e-01
1.776356839400250465e-15 3.603157889250000893e-18 1.468022914633987153e+00 4.617000000000004989e-01
1.776356839400250465e-15 3.595864047368928104e-18 1.466536308769500252e+00 4.527000000000004909e-01
1.000000000000001776e+00 2.020202020202023670e-03 1.465742118924006965e+00 4.806000000000004713e-01
4.100000000000002309e+00 8.266129032258070011e-03 1.470843041169241694e+00 4.509000000000004671e-01
7.400000000000003020e+00 1.488933601609658541e-02 1.476747894493269264e+00 4.257000000000004669e-01
1.020000000000000107e+01 2.048192771084337421e-02 1.480523545421988496e+00 4.158000000000004470e-01
1.130000000000000249e+01 2.264529058116232854e-02 1.479827014355968862e+00 4.144500000000004292e-01
1.180000000000000249e+01 2.360000000000000639e-02 1.478500267162640602e+00 4.108500000000004371e-01
1.220000000000000107e+01 2.435129740518962235e-02 1.477119515887216128e+00 3.919500000000004092e-01
1.430000000000000249e+01 2.848605577689243551e-02 1.478546886379963565e+00 3.766500000000004289e-01
1.600000000000000000e+01 3.180914512922464882e-02 1.478951763057591240e+00 3.928500000000004211e-01
1.780000000000000426e+01 3.531746031746032383e-02 1.479577474278906957e+00 3.856500000000004369e-01
1.860000000000000142e+01 3.683168316831683664e-02 1.478502674934426997e+00 3.829500000000004567e-01
1.960000000000000142e+01 3.873517786561265358e-02 1.477660252950545372e+00 3.883500000000004171e-01
2.020000000000000284e+01 3.984220907297830738e-02 1.476412296408975644e+00 3.883500000000004171e-01
1.989999999999999858e+01 3.917322834645668717e-02 1.475035334393205444e+00 3.901500000000003854e-01
1.970000000000000284e+01 3.870333988212181636e-02 1.473623725544571661e+00 3.871800000000003572e-01
2.080000000000000426e+01 4.078431372549020523e-02 1.472926715876311299e+00 3.889800000000003255e-01
2.100000000000000000e+01 4.109589041095890183e-02 1.471501613533881869e+00 4.087800000000003098e-01
1.880000000000000426e+01 3.671875000000000833e-02 1.473390069159703941e+00 4.087800000000003098e-01
1.760000000000000853e+01 3.430799220272905820e-02 1.472963740878886041e+00 4.501800000000003021e-01
1.300000000000000533e+01 2.529182879377432983e-02 1.485632361675574442e+00 4.996800000000002906e-01
7.500000000000006217e+00 1.456310679611651747e-02 1.503988726911783091e+00 4.996800000000002906e-01
2.900000000000006573e+00 5.620155038759702855e-03 1.516174872273876373e+00 4.996800000000002906e-01
8.000000000000069278e-01 1.547388781431348033e-03 1.517530546497546595e+00 4.996800000000002906e-01
7.105427357601001859e-15 1.371704123088996530e-17 1.516473250568937559e+00 5.014800000000002589e-01
2.000000000000072831e-01 3.853564547206306170e-04 1.515036975917843032e+00 4.969800000000002549e-01
7.000000000000072831e-01 1.346153846153860193e-03 1.513737769239992481e+00 4.950900000000002521e-01
1.400000000000007461e+00 2.687140115163162181e-03 1.512593480243683342e+00 4.926600000000002644e-01
2.300000000000006928e+00 4.406130268199246955e-03 1.511653243487009135e+00 4.890600000000002723e-01
2.700000000000007283e+00 5.162523900573627415e-03 1.510306251588061643e+00 4.917600000000002525e-01
3.000000000000007105e+00 5.725190839694670360e-03 1.508919299100347056e+00 4.944600000000002327e-01
2.700000000000007283e+00 5.142857142857156470e-03 1.507540484672027059e+00 5.079600000000001891e-01
1.200000000000007283e+00 2.281368821292789617e-03 1.507533214332100968e+00 5.079600000000001891e-01
1.000000000000067502e-01 1.897533206831247734e-04 1.506865994467988301e+00 5.063400000000002343e-01
7.000000000000046185e-01 1.325757575757584511e-03 1.505664224692333297e+00 5.162400000000002542e-01
1.800000000000004707e+00 3.402646502835547562e-03 1.504997268231507590e+00 5.045400000000002105e-01
3.100000000000004530e+00 5.849056603773593668e-03 1.504629251597635609e+00 4.973400000000002263e-01
3.900000000000004352e+00 7.344632768361589875e-03 1.503606058374348242e+00 4.935600000000002208e-01
5.300000000000004263e+00 9.962406015037601412e-03 1.503402906521924987e+00 4.710600000000002008e-01
7.800000000000004263e+00 1.463414634146342243e-02 1.505852157354644394e+00 4.539600000000001967e-01
9.700000000000002842e+00 1.816479400749064152e-02 1.506648065182639273e+00 4.523400000000001864e-01
1.030000000000000426e+01 1.925233644859813964e-02 1.505449106111751645e+00 4.523400000000001864e-01
1.020000000000000462e+01 1.902985074626866585e-02 1.504052917358099650e+00 4.523400000000001864e-01
9.400000000000005684e+00 1.750465549348231842e-02 1.503066670415485584e+00 4.730400000000001826e-01
7.100000000000004974e+00 1.319702602230484259e-02 1.504983234919553770e+00 4.757400000000001627e-01
6.800000000000005151e+00 1.261595547309833990e-02 1.503646903434860516e+00 4.568400000000001349e-01
8.900000000000005684e+00 1.648148148148149278e-02 1.504932208892070911e+00 4.721400000000001151e-01
1.060000000000000497e+01 1.959334565619224450e-02 1.505278642069285411e+00 4.604400000000001270e-01
1.190000000000000568e+01 2.195571955719558335e-02 1.504892836126128897e+00 4.280400000000001426e-01
1.550000000000000355e+01 2.854511970534070672e-02 1.511312499385983221e+00 4.169700000000001183e-01
1.960000000000000142e+01 3.602941176470588619e-02 1.519961434984727022e+00 3.881700000000001261e-01
2.280000000000000071e+01 4.183486238532110185e-02 1.524591186074540250e+00 3.674700000000001299e-01
2.510000000000000142e+01 4.597069597069597391e-02 1.526251444444442384e+00 3.755700000000001260e-01
2.600000000000000000e+01 4.753199268738574068e-02 1.525292052946806587e+00 3.736800000000001232e-01
2.669999999999999929e+01 4.872262773722627754e-02 1.524154130518162731e+00 3.720600000000001129e-01
2.730000000000000071e+01 4.972677595628415687e-02 1.522946800224490138e+00 3.684600000000001208e-01
2.769999999999999929e+01 5.036363636363636043e-02 1.521634842871745663e+00 3.684600000000001208e-01
2.760000000000000142e+01 5.009074410163339569e-02 1.520266892858722407e+00 3.684600000000001208e-01
2.730000000000000071e+01 4.945652173913043376e-02 1.518962172485863293e+00 3.684600000000001208e-01
2.569999999999999929e+01 4.647377938517179008e-02 1.519205336118452321e+00 3.900600000000001288e-01
2.330000000000000071e+01 4.205776173285198649e-02 1.521381932925870206e+00 3.900600000000001288e-01
2.060000000000000142e+01 3.711711711711711964e-02 1.524452574844572750e+00 3.900600000000001288e-01
1.780000000000000071e+01 3.201438848920863667e-02 1.527817684637408968e+00 3.900600000000001288e-01
1.490000000000000036e+01 2.675044883303411350e-02 1.531483725906102711e+00 4.224600000000001132e-01
1.130000000000000071e+01 2.025089605734767262e-02 1.537780580147378506e+00 4.224600000000001132e-01
7.400000000000000355e+00 1.323792486583184359e-02 1.545309736368933651e+00 4.224600000000001132e-01
4.600000000000001421e+00 8.214285714285717369e-03 1.548491324694155846e+00 4.485600000000001253e-01
1.700000000000002842e+00 3.030303030303035505e-03 1.551966637183929132e+00 4.575600000000001333e-01
7.000000000000028422e-01 1.245551601423492511e-03 1.551161387943944314e+00 4.575600000000001333e-01
3.552713678800500929e-15 6.310326250089699932e-18 1.550064457492044800e+00 4.575600000000001333e-01
3.552713678800500929e-15 6.299137728369682346e-18 1.548689677214921234e+00 4.575600000000001333e-01
3.552713678800500929e-15 6.287988812036284743e-18 1.547318548413831429e+00 4.575600000000001333e-01
3.552713678800500929e-15 6.276879291166962691e-18 1.545951054953213610e+00 4.575600000000001333e-01
3.552713678800500929e-15 6.265808957320107111e-18 1.544587180797151627e+00 4.575600000000001333e-01
0.000000000000000000e+00 0.000000000000000000e+00 1.543226910008585806e+00 4.575600000000001333e-01
0.000000000000000000e+00 0.000000000000000000e+00 1.541870226748531580e+00 4.575600000000001333e-01
0.000000000000000000e+00 0.000000000000000000e+00 1.540517115275302773e+00 4.575600000000001333e-01
0.000000000000000000e+00 0.000000000000000000e+00 1.539167559943746877e+00 4.575600000000001333e-01
0.000000000000000000e+00 0.000000000000000000e+00 1.537821545204483442e+00 4.575600000000001333e-01
0.000000000000000000e+00 0.000000000000000000e+00 1.536479055603152455e+00 4.575600000000001333e-01
0.000000000000000000e+00 0.000000000000000000e+00 1.535140075779669155e+00 4.575600000000001333e-01
0.000000000000000000e+00 0.000000000000000000e+00 1.533804590467485296e+00 4.575600000000001333e-01
0.000000000000000000e+00 0.000000000000000000e+00 1.532472584492858836e+00 4.575600000000001333e-01
0.000000000000000000e+00 0.000000000000000000e+00 1.531144042774128966e+00 4.575600000000001333e-01
0.000000000000000000e+00 0.000000000000000000e+00 1.529818950320999793e+00 4.575600000000001333e-01
0.000000000000000000e+00 0.000000000000000000e+00 1.528497292233829352e+00 4.575600000000001333e-01
0.000000000000000000e+00 0.000000000000000000e+00 1.527179053702926392e+00 4.575600000000001333e-01
0.000000000000000000e+00 0.000000000000000000e+00 1.525864220007852490e+00 4.575600000000001333e-01
0.000000000000000000e+00 0.000000000000000000e+00 1.524552776516733044e+00 4.575600000000001333e-01
0.000000000000000000e+00 0.000000000000000000e+00 1.523244708685572268e+00 4.575600000000001333e-01
0.000000000000000000e+00 0.000000000000000000e+00 1.521940002057575736e+00 4.575600000000001333e-01
0.000000000000000000e+00 0.000000000000000000e+00 1.520638642262480467e+00 4.575600000000001333e-01
0.000000000000000000e+00 0.000000000000000000e+00 1.519340615015889018e+00 4.575600000000001333e-01
0.000000000000000000e+00 0.000000000000000000e+00 1.518045906118611121e+00 4.575600000000001333e-01
0.000000000000000000e+00 0.000000000000000000e+00 1.516754501456011761e+00 4.575600000000001333e-01
0.000000000000000000e+00 0.000000000000000000e+00 1.515466386997364356e+00 4.575600000000001333e-01
0.000000000000000000e+00 0.000000000000000000e+00 1.514181548795211052e+00 4.575600000000001333e-01
0.000000000000000000e+00 0.000000000000000000e+00 1.512899972984728114e+00 4.575600000000001333e-01
-3.552713678800500929e-15 -6.001205538514360011e-18 1.511621645783097323e+00 4.575600000000001333e-01
-3.552713678800500929e-15 -5.991085461720911869e-18 1.510346553488883803e+00 4.575600000000001333e-01
-3.552713678800500929e-15 -5.980999459260102313e-18 1.509074682481419405e+00 4.575600000000001333e-01
-3.552713678800500929e-15 -5.970947359328573348e-18 1.507806019220190752e+00 4.575600000000001333e-01
-3.552713678800500929e-15 -5.960928991276008141e-18 1.506540550244234611e+00 4.575600000000001333e-01
-3.552713678800500929e-15 -5.950944185595479031e-18 1.505278262171537484e+00 4.575600000000001333e-01
0.000000000000000000e+00 0.000000000000000000e+00 0.000000000000000000e+00 9.000000000000000222e-01
0.000000000000000000e+00 0.000000000000000000e+00 0.000000000000000000e+00 9.000000000000000222e-01
0.000000000000000000e+00 0.000000000000000000e+00 0.000000000000000000e+00 9.000000000000000222e-01
0.000000000000000000e+00 0.000000000000000000e+00 1.499999999999999944e-01 8.991900000000000448e-01
2.999999999999999889e-01 2.999999999999999889e-02 1.486606874731850325e-01 8.991900000000000448e-01
0.000000000000000000e+00 0.000000000000000000e+00 1.632993161855451902e-01 8.991900000000000448e-01
0.000000000000000000e+00 0.000000000000000000e+00 1.511857892036908846e-01 8.991900000000000448e-01
0.000000000000000000e+00 0.000000000000000000e+00 1.414213562373095034e-01 8.991900000000000448e-01
0.000000000000000000e+00 0.000000000000000000e+00 1.333333333333333315e-01 8.991900000000000448e-01
0.000000000000000000e+00 0.000000000000000000e+00 1.264911064067351654e-01 8.991900000000000448e-01
0.000000000000000000e+00 0.000000000000000000e+00 1.206045378311054461e-01 8.991900000000000448e-01
0.000000000000000000e+00 0.000000000000000000e+00 1.154700538379251629e-01 8.991900000000000448e-01
0.000000000000000000e+00 0.000000000000000000e+00 1.109400392450458211e-01 8.973900000000000210e-01
2.000000000000000111e-01 7.142857142857143501e-03 1.099628879881475035e-01 8.991900000000000448e-01
0.000000000000000000e+00 0.000000000000000000e+00 1.125462867742275525e-01 8.991900000000000448e-01
0.000000000000000000e+00 0.000000000000000000e+00 1.089724735885168327e-01 8.991900000000000448e-01
0.000000000000000000e+00 0.000000000000000000e+00 1.057188279741848730e-01 8.991900000000000448e-01
0.000000000000000000e+00 0.000000000000000000e+00 1.027402333828162789e-01 8.991900000000000448e-01
0.000000000000000000e+00 0.000000000000000000e+00 1.000000000000000056e-01 8.991900000000000448e-01
0.000000000000000000e+00 0.000000000000000000e+00 9.746794344808963617e-02 8.991900000000000448e-01
0.000000000000000000e+00 0.000000000000000000e+00 9.511897312113418157e-02 8.991900000000000448e-01
0.000000000000000000e+00 0.000000000000000000e+00 9.293203772845851085e-02 8.991900000000000448e-01
0.000000000000000000e+00 0.000000000000000000e+00 9.088932591463856625e-02 8.739900000000000446e-01
2.799999999999999822e+00 5.833333333333332732e-02 3.575572992154156249e-01 8.361899999999999888e-01
7.000000000000000000e+00 1.400000000000000133e-01 5.499090833947007928e-01 8.345700000000000340e-01
7.599999999999999645e+00 1.461538461538461342e-01 5.433024155964147894e-01 8.363700000000000578e-01
6.400000000000000355e+00 1.185185185185185230e-01 5.725427605166510947e-01 8.084700000000000220e-01
9.500000000000000000e+00 1.696428571428571508e-01 6.253340943782265127e-01 8.165700000000000180e-01
8.599999999999999645e+00 1.482758620689655082e-01 6.253940493829207581e-01 7.823700000000000099e-01
1.240000000000000036e+01 2.066666666666666652e-01 7.098982712724094535e-01 7.337700000000000333e-01
1.780000000000000071e+01 2.870967741935483986e-01 8.258883527934733904e-01 6.878700000000000925e-01
2.289999999999999858e+01 3.578124999999999778e-01 9.104951756290363685e-01 7.301700000000000967e-01
1.819999999999999929e+01 2.757575757575757569e-01 1.029277564540707290e+00 8.021700000000000497e-01
1.019999999999999929e+01 1.499999999999999944e-01 1.246111599194493769e+00 8.021700000000000497e-01
2.500000000000000000e+00 3.571428571428571230e-02 1.403061521335775552e+00 8.030700000000000616e-01
3.100000000000000533e+00 4.305555555555556219e-02 1.389027076458843712e+00 7.499700000000001365e-01
9.000000000000000000e+00 1.216216216216216284e-01 1.450095082648615197e+00 7.337700000000001443e-01
1.080000000000000071e+01 1.421052631578947345e-01 1.443703493932653625e+00 7.724700000000002120e-01
6.500000000000000000e+00 8.333333333333332871e-02 1.476692133831442266e+00 8.075700000000002321e-01
2.600000000000000089e+00 3.250000000000000111e-02 1.495808727745629785e+00 8.075700000000002321e-01
8.000000000000000444e-01 9.756097560975609748e-03 1.488460471311865652e+00 8.075700000000002321e-01
-2.775557561562891351e-17 -3.304235192336775235e-19 1.472687856882619828e+00 8.075700000000002321e-01
-2.775557561562891351e-17 -3.227392513445222456e-19 1.455462844947700951e+00 8.048700000000001964e-01
3.000000000000007105e-01 3.409090909090917165e-03 1.439179758785946062e+00 8.048700000000001964e-01
7.216449660063517513e-16 8.018277400070574261e-18 1.423298204094200825e+00 8.048700000000001964e-01
7.216449660063517513e-16 7.843967021808170607e-18 1.407742565398511392e+00 8.048700000000001964e-01
7.216449660063517513e-16 7.677074106450550841e-18 1.392686062285792392e+00 7.805700000000002081e-01
2.699999999999999734e+00 2.812499999999999722e-02 1.405102541112806636e+00 6.932700000000001639e-01
1.240000000000000036e+01 1.265306122448979498e-01 1.552519415265772418e+00 6.482700000000002349e-01
1.739999999999999858e+01 1.739999999999999880e-01 1.576491040253638731e+00 6.500700000000002587e-01
1.719999999999999929e+01 1.686274509803921406e-01 1.561420946129245868e+00 7.040700000000003067e-01
1.119999999999999751e+01 1.076923076923076705e-01 1.611240104564249265e+00 7.517700000000002714e-01
5.899999999999998579e+00 5.566037735849055368e-02 1.639493720098179175e+00 7.391700000000003268e-01
6.799999999999998046e+00 6.296296296296294281e-02 1.630246095521038496e+00 7.400700000000003387e-01
4.799999999999998046e+00 4.363636363636361898e-02 1.628358195613956561e+00 7.193700000000003980e-01
7.099999999999997868e+00 6.339285714285712581e-02 1.620735918369132778e+00 7.301700000000004298e-01
5.899999999999998579e+00 5.175438596491226811e-02 1.609305857561736941e+00 7.292700000000004179e-01
5.999999999999998224e+00 5.172413793103446816e-02 1.595385736440579461e+00 7.328700000000004655e-01
5.599999999999997868e+00 4.745762711864404820e-02 1.582194992397349953e+00 7.291800000000004944e-01
7.199999999999999289e+00 5.999999999999999084e-02 1.576197957110717640e+00 6.967800000000005101e-01
1.079999999999999893e+01 8.852459016393442182e-02 1.582962398262623305e+00 7.066800000000004189e-01
1.189999999999999858e+01 9.596774193548386622e-02 1.571233293777708262e+00 7.047900000000004717e-01
1.259999999999999787e+01 9.999999999999997780e-02 1.559151173219704534e+00 7.227900000000004876e-01
1.060000000000000142e+01 8.281250000000001110e-02 1.555389288841783735e+00 7.227900000000004876e-01
9.400000000000003908e+00 7.230769230769233669e-02 1.545714441963545349e+00 7.227900000000004876e-01
7.600000000000003197e+00 5.757575757575759956e-02 1.539338760643142345e+00 7.227900000000004876e-01
5.000000000000000000e+00 3.731343283582089221e-02 1.536844588701004266e+00 7.443900000000005512e-01
2.600000000000001421e+00 1.911764705882354129e-02 1.532803789383169857e+00 7.605900000000005434e-01
8.000000000000007105e-01 5.797101449275367593e-03 1.527941122810105856e+00 7.578900000000005077e-01
4.000000000000021316e-01 2.857142857142872319e-03 1.518361092811346014e+00 7.578900000000005077e-01
3.552713678800500929e-15 2.501911041408803528e-17 1.507819991497845846e+00 7.578900000000005077e-01
-8.881784197001252323e-16 -6.167905692361980438e-18 1.497312407096276221e+00 7.038900000000004598e-01
5.999999999999999112e+00 4.109589041095889489e-02 1.540266443454646472e+00 6.489900000000005109e-01
1.209999999999999787e+01 8.175675675675674048e-02 1.574459888607113500e+00 6.219900000000004869e-01
1.509999999999999787e+01 1.006666666666666543e-01 1.572534966931489864e+00 6.147900000000005027e-01
1.589999999999999858e+01 1.046052631578947290e-01 1.564589185015362371e+00 6.066900000000005067e-01
1.680000000000000071e+01 1.090909090909090995e-01 1.555399628623637565e+00 5.958900000000005859e-01
1.800000000000000000e+01 1.153846153846153910e-01 1.546424902889284914e+00 5.625900000000005896e-01
2.169999999999999929e+01 1.373417721518987167e-01 1.549049695504041368e+00 5.805900000000006056e-01
2.370000000000000284e+01 1.481250000000000067e-01 1.542966780062033694e+00 5.877900000000005898e-01
2.450000000000000355e+01 1.512345679012346011e-01 1.533664926074703949e+00 5.814900000000006175e-01
2.520000000000000284e+01 1.536585365853658791e-01 1.524530725234235495e+00 5.814900000000006175e-01
2.430000000000000426e+01 1.463855421686747205e-01 1.516838880272599610e+00 5.958900000000005859e-01
2.270000000000000284e+01 1.351190476190476386e-01 1.511430254559929409e+00 5.958900000000005859e-01
2.160000000000000497e+01 1.270588235294118074e-01 1.504337902850139796e+00 6.075900000000005186e-01
2.030000000000000426e+01 1.180232558139535093e-01 1.497971744825774776e+00 6.372900000000005782e-01
1.700000000000000355e+01 9.770114942528737578e-02 1.502371842144162528e+00 6.354900000000005544e-01
1.410000000000000320e+01 8.011363636363638685e-02 1.513050045977406333e+00 6.309900000000006060e-01
1.460000000000000320e+01 8.202247191011237393e-02 1.504865651381709357e+00 6.309900000000006060e-01
1.440000000000000391e+01 8.000000000000001554e-02 1.496603562144037669e+00 6.327900000000006298e-01
1.420000000000000284e+01 7.802197802197803622e-02 1.488512953488742685e+00 6.327900000000006298e-01
1.150000000000000000e+01 6.250000000000000000e-02 1.488235112473832222e+00 6.867900000000006777e-01
5.500000000000000000e+00 2.956989247311828106e-02 1.513571873089452957e+00 7.101900000000006541e-01
2.899999999999999911e+00 1.542553191489361673e-02 1.512545525879720021e+00 7.101900000000006541e-01
8.000000000000000444e-01 4.210526315789473589e-03 1.509542683587783429e+00 7.164900000000006264e-01
9.999999999999831246e-02 5.208333333333245441e-04 1.502168481029776181e+00 7.164900000000006264e-01
-1.776356839400250465e-15 -9.156478553609538303e-18 1.494422620637202659e+00 7.059600000000005871e-01
3.899999999999997691e+00 1.989795918367345817e-02 1.501075121437936755e+00 5.979600000000004911e-01
1.589999999999999858e+01 8.030303030303029277e-02 1.608740617010430363e+00 5.547600000000005860e-01
2.069999999999999929e+01 1.034999999999999948e-01 1.620320261553252150e+00 5.484600000000006137e-01
2.139999999999999858e+01 1.059405940594059375e-01 1.612839681448559936e+00 5.700600000000005663e-01
1.900000000000000000e+01 9.313725490196078649e-02 1.610337913870056870e+00 6.231600000000006023e-01
1.309999999999999964e+01 6.359223300970873183e-02 1.631303222168742018e+00 6.069600000000006101e-01
1.489999999999999858e+01 7.163461538461537992e-02 1.648517172034942080e+00 5.268600000000005501e-01
2.379999999999999716e+01 1.133333333333333137e-01 1.695431770638054392e+00 5.052600000000005975e-01
2.619999999999999574e+01 1.235849056603773449e-01 1.692048657067925177e+00 5.070600000000006213e-01
2.329999999999999716e+01 1.088785046728971834e-01 1.698423032793360710e+00 5.466600000000005899e-01
1.889999999999999858e+01 8.749999999999999445e-02 1.711042905386674917e+00 5.511600000000006494e-01
1.939999999999999858e+01 8.899082568807338556e-02 1.703307061239975440e+00 5.682600000000006535e-01
1.750000000000000000e+01 7.954545454545454419e-02 1.698418990153991004e+00 5.682600000000006535e-01
1.559999999999999787e+01 7.027027027027026029e-02 1.693607195414387201e+00 5.646600000000006059e-01
1.599999999999999467e+01 7.142857142857141073e-02 1.686179566538583252e+00 5.781600000000005624e-01
1.749999999999999289e+01 7.743362831858403850e-02 1.679911122154431835e+00 5.592600000000006455e-01
1.959999999999999432e+01 8.596491228070173019e-02 1.675775661878489808e+00 5.241600000000006254e-01
2.349999999999999645e+01 1.021739130434782400e-01 1.677483769173701900e+00 5.201100000000006274e-01
2.499999999999999289e+01 1.077586206896551380e-01 1.671626858939856852e+00 5.372100000000006315e-01
2.309999999999999432e+01 9.871794871794870030e-02 1.667473670501155247e+00 5.372100000000006315e-01
1.719999999999999218e+01 7.288135593220335107e-02 1.684508730725277736e+00 5.372100000000006315e-01
9.199999999999992184e+00 3.865546218487391633e-02 1.718344388042031268e+00 6.200100000000006162e-01
-1.776356839400250465e-15 -7.401486830834376833e-18 1.766352173265569370e+00 6.200100000000006162e-01
-1.776356839400250465e-15 -7.340317518182853364e-18 1.759038054174228982e+00 6.200100000000006162e-01
-1.776356839400250465e-15 -7.280150981148567857e-18 1.751814048070283514e+00 6.200100000000006162e-01
-1.776356839400250465e-15 -7.220962761789636799e-18 1.744678319640726727e+00 6.200100000000006162e-01
-1.776356839400250465e-15 -7.162729191130041997e-18 1.737629085481040558e+00 6.200100000000006162e-01
-3.552713678800500929e-15 -1.421085471520200401e-17 1.730664612222714727e+00 6.200100000000006162e-01
-3.552713678800500929e-15 -1.409807015397024100e-17 1.723783214742669267e+00 6.020100000000006002e-01
1.999999999999996447e+00 7.874015748031482076e-03 1.720721616580021651e+00 5.624100000000006316e-01
6.400000000000002132e+00 2.500000000000000833e-02 1.725022644778902547e+00 5.591700000000006110e-01
7.600000000000000533e+00 2.945736434108527438e-02 1.719153527999568665e+00 5.591700000000006110e-01
6.600000000000000533e+00 2.538461538461538741e-02 1.713175707835352002e+00 5.726700000000006785e-01
5.100000000000000533e+00 1.946564885496183256e-02 1.708902068391969120e+00 5.690700000000006309e-01
5.500000000000000000e+00 2.083333333333333218e-02 1.704289837735970758e+00 5.879700000000005478e-01
3.400000000000000355e+00 1.278195488721804718e-02 1.705030748905123961e+00 5.879700000000005478e-01
2.900000000000000355e+00 1.082089552238806041e-02 1.698856748376294190e+00 5.879700000000005478e-01
8.000000000000007105e-01 2.962962962962965418e-03 1.695656356727311520e+00 5.951700000000005319e-01
0.000000000000000000e+00 0.000000000000000000e+00 1.689783313640782714e+00 5.978700000000005677e-01
3.000000000000007105e-01 1.094890510948907806e-03 1.683702116115944447e+00 5.132700000000005591e-01
9.699999999999999289e+00 3.514492753623188470e-02 1.724471242425495099e+00 4.502700000000005587e-01
1.669999999999999929e+01 6.007194244604316391e-02 1.744041034928631495e+00 4.160700000000005505e-01
2.050000000000000000e+01 7.321428571428571785e-02 1.745206810445251833e+00 4.232700000000005347e-01
1.969999999999999929e+01 6.985815602836879801e-02 1.739786603778980201e+00 4.169700000000005624e-01
2.039999999999999858e+01 7.183098591549295919e-02 1.733853730903109680e+00 4.259700000000005704e-01
2.139999999999999858e+01 7.482517482517482554e-02 1.728149037354788975e+00 4.169700000000005624e-01
2.239999999999999503e+01 7.777777777777776513e-02 1.722499977602178545e+00 4.259700000000005704e-01
2.139999999999999503e+01 7.379310344827584578e-02 1.717296218484569703e+00 4.259700000000005704e-01
2.029999999999999716e+01 6.952054794520547143e-02 1.712183110243305828e+00 4.349700000000005784e-01
1.929999999999999716e+01 6.564625850340134738e-02 1.707967550563686210e+00 4.547700000000005627e-01
1.709999999999999787e+01 5.777027027027026307e-02 1.706468346467206354e+00 4.547700000000005627e-01
1.429999999999999716e+01 4.798657718120804411e-02 1.706859229506062281e+00 4.871700000000006026e-01
1.069999999999999574e+01 3.566666666666665209e-02 1.708496772669536590e+00 4.988700000000005907e-01
9.399999999999995026e+00 3.112582781456952122e-02 1.703781747303775518e+00 5.294700000000006623e-01
1.279999999999999893e+01 4.210526315789473589e-02 1.704001726424157370e+00 5.339700000000006108e-01
1.229999999999999893e+01 4.019607843137254499e-02 1.701129563442657977e+00 5.339700000000006108e-01
8.599999999999997868e+00 2.792207792207791403e-02 1.702385520809142960e+00 5.618700000000006467e-01
5.499999999999998224e+00 1.774193548387096100e-02 1.706129764148197170e+00 5.618700000000006467e-01
1.999999999999996447e+00 6.410256410256398758e-03 1.707062234575915660e+00 5.798700000000005517e-01
-3.552713678800500929e-15 -1.131437477325000353e-17 1.703798678337828942e+00 5.798700000000005517e-01
-3.552713678800500929e-15 -1.124276480633069897e-17 1.698398351984985899e+00 5.798700000000005517e-01
-3.552713678800500929e-15 -1.117205559371226767e-17 1.693049052549754796e+00 5.798700000000005517e-01
0.000000000000000000e+00 0.000000000000000000e+00 1.687749981484224282e+00 5.798700000000005517e-01
0.000000000000000000e+00 0.000000000000000000e+00 1.682500357627346510e+00 5.249700000000006028e-01
6.100000000000001421e+00 1.882716049382716569e-02 1.694776974949170789e+00 5.249700000000006028e-01
3.200000000000002842e+00 9.815950920245408023e-03 1.694766926586393163e+00 4.988700000000005352e-01
6.100000000000001421e+00 1.859756097560975874e-02 1.695291681930669814e+00 4.655700000000005390e-01
9.800000000000002487e+00 2.969696969696970432e-02 1.698474332949363896e+00 4.655700000000005390e-01
6.800000000000000711e+00 2.048192771084337421e-02 1.697642521024807616e+00 4.655700000000005390e-01
5.600000000000001421e+00 1.676646706586826935e-02 1.693388082206608303e+00 4.511700000000005706e-01
7.200000000000002842e+00 2.142857142857143571e-02 1.689697171274262777e+00 4.700700000000005430e-01
9.300000000000002487e+00 2.751479289940829062e-02 1.686576056440938665e+00 5.042700000000005511e-01
5.500000000000000000e+00 1.617647058823529563e-02 1.688125508830434551e+00 5.528700000000005277e-01
1.000000000000014211e-01 2.923976608187176299e-04 1.696030772816302878e+00 5.537700000000005396e-01
7.105427357601001859e-15 2.065531208604942372e-17 1.691101883801017225e+00 5.537700000000005396e-01
7.105427357601001859e-15 2.053591721850000436e-17 1.686207222641351811e+00 5.537700000000005396e-01
7.105427357601001859e-15 2.041789470575000506e-17 1.681354817695689619e+00 5.537700000000005396e-01
7.105427357601001859e-15 2.030122102171714815e-17 1.676544064437317516e+00 5.537700000000005396e-01
5.329070518200751394e-15 1.513940488125213352e-17 1.671774370378534602e+00 5.537700000000005396e-01
5.329070518200751394e-15 1.505387152034110558e-17 1.667045154764140946e+00 5.564700000000005753e-01
3.000000000000060396e-01 8.426966292135000796e-04 1.662397878244774585e+00 5.591700000000006110e-01
6.000000000000049738e-01 1.675977653631298761e-03 1.657789295273523367e+00 5.591700000000006110e-01
2.000000000000046185e-01 5.555555555555683487e-04 1.653262673967994312e+00 5.609700000000006348e-01
5.329070518200751394e-15 1.472118927679765517e-17 1.648722927849818998e+00 5.609700000000006348e-01
5.329070518200751394e-15 1.464030362143063607e-17 1.644187230321306314e+00 5.609700000000006348e-01
5.329070518200751394e-15 1.456030196229713571e-17 1.639688761616873824e+00 5.616000000000006542e-01
0.000000000000000000e+00 0.000000000000000000e+00 1.635243632958231386e+00 5.616000000000006542e-01
0.000000000000000000e+00 0.000000000000000000e+00 1.630818066973617864e+00 5.607000000000006423e-01
9.999999999999964473e-02 2.688172043010742928e-04 1.626436480979826626e+00 5.607000000000006423e-01
0.000000000000000000e+00 0.000000000000000000e+00 1.622090154889128000e+00 5.607000000000006423e-01
0.000000000000000000e+00 0.000000000000000000e+00 1.617770333225278856e+00 5.607000000000006423e-01
0.000000000000000000e+00 0.000000000000000000e+00 1.613484841370792955e+00 5.607000000000006423e-01
0.000000000000000000e+00 0.000000000000000000e+00 1.609233227020672841e+00 5.607000000000006423e-01
0.000000000000000000e+00 0.000000000000000000e+00 1.605015046169137705e+00 5.607000000000006423e-01
-3.108624468950438313e-15 -8.095376221225100288e-18 1.600829862914856960e+00 5.607000000000006423e-01
-3.108624468950438313e-15 -8.053431266710979423e-18 1.596677249271739596e+00 5.607000000000006423e-01
-3.108624468950438313e-15 -8.011918734408345437e-18 1.592556784985095009e+00 5.607000000000006423e-01
-3.108624468950438313e-15 -7.970831971667789962e-18 1.588468057352985907e+00 5.607000000000006423e-01
-3.108624468950438313e-15 -7.930164461608260563e-18 1.584410661052601865e+00 5.607000000000006423e-01
-3.108624468950438313e-15 -7.889909819671163771e-18 1.580384197971483662e+00 5.751000000000006107e-01
1.599999999999994760e+00 4.040404040404027390e-03 1.577984214175064404e+00 5.625000000000006661e-01
2.999999999999993339e+00 7.537688442211038474e-03 1.575565135058127897e+00 5.643000000000006899e-01
2.300000000000000711e+00 5.750000000000001638e-03 1.572304657978217612e+00 5.148000000000007015e-01
7.800000000000000711e+00 1.940298507462686825e-02 1.580547685726932050e+00 4.887000000000006894e-01
1.069999999999999929e+01 2.648514851485148439e-02 1.580486365258977122e+00 4.941000000000007053e-01
1.010000000000000142e+01 2.487684729064039771e-02 1.576816915757384807e+00 4.869000000000006656e-01
1.090000000000000036e+01 2.671568627450980615e-02 1.573227916110202740e+00 4.882500000000006279e-01
1.109999999999999964e+01 2.707317073170731683e-02 1.569643029019172520e+00 5.089500000000006796e-01
8.800000000000000711e+00 2.135922330097087679e-02 1.567968228665444164e+00 5.107500000000005924e-01
8.599999999999999645e+00 2.077294685990338161e-02 1.564584920226914866e+00 4.819500000000006001e-01
1.180000000000000249e+01 2.836538461538462216e-02 1.564637221762556596e+00 4.954500000000005566e-01
1.330000000000000249e+01 3.181818181818182184e-02 1.561993893675627465e+00 4.954500000000005566e-01
1.170000000000000107e+01 2.785714285714285809e-02 1.559459667892155732e+00 5.017500000000005844e-01
1.240000000000000213e+01 2.938388625592417563e-02 1.556103744006168466e+00 4.963500000000005685e-01
1.440000000000000213e+01 3.396226415094340256e-02 1.553989800630235063e+00 4.961700000000006106e-01
1.470000000000000107e+01 3.450704225352112936e-02 1.550452566429727508e+00 5.015700000000006265e-01
1.530000000000000249e+01 3.574766355140187452e-02 1.546946842802672917e+00 5.119200000000007078e-01
1.450000000000000178e+01 3.372093023255814254e-02 1.544849692780127848e+00 5.425200000000007794e-01
1.110000000000000142e+01 2.569444444444444683e-02 1.546295447299611769e+00 5.245200000000007634e-01
1.310000000000000142e+01 3.018433179723502627e-02 1.544153971195591613e+00 5.623200000000007082e-01
8.900000000000002132e+00 2.041284403669725231e-02 1.549451164809207304e+00 5.623200000000007082e-01
7.600000000000001421e+00 1.735159817351598563e-02 1.547016666321485046e+00 5.587200000000006606e-01
5.500000000000005329e+00 1.250000000000001284e-02 1.548255066195489693e+00 5.587200000000006606e-01
2.400000000000005684e+00 5.429864253393677960e-03 1.548920926624784533e+00 5.749200000000006527e-01
6.000000000000049738e-01 1.351351351351362485e-03 1.546631903822495380e+00 5.803200000000006131e-01
7.105427357601001859e-15 1.593145147444170797e-17 1.543422322751525133e+00 5.803200000000006131e-01
-5.329070518200751394e-15 -1.189524669241239084e-17 1.539973330010249608e+00 5.803200000000006131e-01
-5.329070518200751394e-15 -1.184237892933500386e-17 1.536547356178057377e+00 5.794200000000006012e-01
9.999999999999609201e-02 2.212389380530886956e-04 1.533151345561965195e+00 5.803200000000006131e-01
-5.329070518200751394e-15 -1.173804078898843951e-17 1.529777848028000653e+00 5.803200000000006131e-01
-5.329070518200751394e-15 -1.168655815394901557e-17 1.526419385474017565e+00 5.803200000000006131e-01
-5.329070518200751394e-15 -1.163552514890993694e-17 1.523082945669291588e+00 5.803200000000006131e-01
-5.329070518200751394e-15 -1.158493590913206762e-17 1.519768288974971737e+00 5.803200000000006131e-01
-5.329070518200751394e-15 -1.153478467143019858e-17 1.516475179387044792e+00 5.803200000000006131e-01
-7.105427357601001859e-15 -1.531342102931250379e-17 1.513203384465756640e+00 5.803200000000006131e-01
-7.105427357601001859e-15 -1.524769819227682797e-17 1.509952675266700073e+00 5.803200000000006131e-01
-7.105427357601001859e-15 -1.518253708889103114e-17 1.506722826273523719e+00 5.803200000000006131e-01
-7.105427357601001859e-15 -1.511793054808723825e-17 1.503513615332219722e+00 5.803200000000006131e-01
-7.105427357601001859e-15 -1.505387152034110558e-17 1.500324823586941303e+00 5.803200000000006131e-01
-7.105427357601001859e-15 -1.499035307510759760e-17 1.497156235417314463e+00 5.803200000000006131e-01
-7.105427357601001859e-15 -1.492736839832143183e-17 1.494007638377197633e+00 5.803200000000006131e-01
-7.105427357601001859e-15 -1.486491078996025366e-17 1.490878823134853759e+00 5.803200000000006131e-01
8.881784197001252323e-16 1.850371707708594208e-18 1.487769583414492836e+00 5.803200000000006131e-01
8.881784197001252323e-16 1.842693816805239073e-18 1.484679715939152267e+00 5.803200000000006131e-01
8.881784197001252323e-16 1.835079379545713341e-18 1.481609020374875518e+00 5.803200000000006131e-01
8.881784197001252323e-16 1.827527612551698164e-18 1.478557299276155312e+00 5.803200000000006131e-01
8.881784197001252323e-16 1.820037745287141964e-18 1.475524358032608285e+00 5.803200000000006131e-01
1.776356839400250465e-15 3.625218039592348214e-18 1.472510004816848239e+00 5.803200000000006131e-01
1.776356839400250465e-15 3.610481380894818400e-18 1.469514050533524907e+00 5.803200000000006131e-01
1.776356839400250465e-15 3.595864047368928104e-18 1.466536308769500252e+00 5.434200000000005693e-01
4.100000000000002309e+00 8.266129032258070011e-03 1.470843041169241694e+00 4.885200000000006204e-01
1.020000000000000107e+01 2.048192771084337421e-02 1.480523545421988496e+00 4.741200000000005965e-01
1.180000000000000249e+01 2.360000000000000639e-02 1.478500267162640602e+00 4.966200000000006165e-01
1.430000000000000249e+01 2.848605577689243551e-02 1.478546886379963565e+00 4.651200000000006440e-01
1.780000000000000426e+01 3.531746031746032383e-02 1.479577474278906957e+00 4.489200000000006519e-01
1.960000000000000142e+01 3.873517786561265358e-02 1.477660252950545372e+00 4.435200000000006915e-01
1.989999999999999858e+01 3.917322834645668717e-02 1.475035334393205444e+00 4.336200000000006716e-01
2.080000000000000426e+01 4.078431372549020523e-02 1.472926715876311299e+00 4.318200000000007033e-01
1.880000000000000426e+01 3.671875000000000833e-02 1.473390069159703941e+00 4.318200000000007033e-01
1.300000000000000533e+01 2.529182879377432983e-02 1.485632361675574442e+00 5.227200000000007396e-01
2.900000000000006573e+00 5.620155038759702855e-03 1.516174872273876373e+00 5.488200000000007517e-01
7.105427357601001859e-15 1.371704123088996530e-17 1.516473250568937559e+00 5.469300000000008044e-01
7.000000000000072831e-01 1.346153846153860193e-03 1.513737769239992481e+00 5.325300000000008360e-01
2.300000000000006928e+00 4.406130268199246955e-03 1.511653243487009135e+00 5.262300000000007527e-01
3.000000000000007105e+00 5.725190839694670360e-03 1.508919299100347056e+00 5.262300000000007527e-01
1.200000000000007283e+00 2.281368821292789617e-03 1.507533214332100968e+00 5.345100000000008178e-01
7.000000000000046185e-01 1.325757575757584511e-03 1.505664224692333297e+00 5.129100000000007542e-01
3.100000000000004530e+00 5.849056603773593668e-03 1.504629251597635609e+00 5.327100000000006830e-01
5.300000000000004263e+00 9.962406015037601412e-03 1.503402906521924987e+00 4.931100000000007144e-01
9.700000000000002842e+00 1.816479400749064152e-02 1.506648065182639273e+00 4.886100000000007104e-01
1.020000000000000462e+01 1.902985074626866585e-02 1.504052917358099650e+00 4.886100000000007104e-01
7.100000000000004974e+00 1.319702602230484259e-02 1.504983234919553770e+00 4.856400000000006822e-01
8.900000000000005684e+00 1.648148148148149278e-02 1.504932208892070911e+00 4.775400000000006862e-01
1.190000000000000568e+01 2.195571955719558335e-02 1.504892836126128897e+00 4.082400000000007134e-01
1.960000000000000142e+01 3.602941176470588619e-02 1.519961434984727022e+00 3.587400000000007250e-01
2.510000000000000142e+01 4.597069597069597391e-02 1.526251444444442384e+00 3.443400000000007566e-01
2.669999999999999929e+01 4.872262773722627754e-02 1.524154130518162731e+00 3.353400000000007486e-01
2.769999999999999929e+01 5.036363636363636043e-02 1.521634842871745663e+00 3.353400000000007486e-01
2.730000000000000071e+01 4.945652173913043376e-02 1.518962172485863293e+00 3.713400000000007806e-01
2.330000000000000071e+01 4.205776173285198649e-02 1.521381932925870206e+00 3.713400000000007806e-01
1.780000000000000071e+01 3.201438848920863667e-02 1.527817684637408968e+00 3.713400000000007806e-01
1.130000000000000071e+01 2.025089605734767262e-02 1.537780580147378506e+00 3.713400000000007806e-01
4.600000000000001421e+00 8.214285714285717369e-03 1.548491324694155846e+00 3.713400000000007806e-01
7.000000000000028422e-01 1.245551601423492511e-03 1.551161387943944314e+00 3.713400000000007806e-01
3.552713678800500929e-15 6.299137728369682346e-18 1.548689677214921234e+00 3.713400000000007806e-01
3.552713678800500929e-15 6.276879291166962691e-18 1.545951054953213610e+00 3.713400000000007806e-01
0.000000000000000000e+00 0.000000000000000000e+00 1.543226910008585806e+00 3.713400000000007806e-01
0.000000000000000000e+00 0.000000000000000000e+00 1.540517115275302773e+00 3.713400000000007806e-01
0.000000000000000000e+00 0.000000000000000000e+00 1.537821545204483442e+00 3.713400000000007806e-01
0.000000000000000000e+00 0.000000000000000000e+00 1.535140075779669155e+00 3.713400000000007806e-01
0.000000000000000000e+00 0.000000000000000000e+00 1.532472584492858836e+00 3.713400000000007806e-01
0.000000000000000000e+00 0.000000000000000000e+00 1.529818950320999793e+00 3.713400000000007806e-01
0.000000000000000000e+00 0.000000000000000000e+00 1.527179053702926392e+00 3.713400000000007806e-01
0.000000000000000000e+00 0.000000000000000000e+00 1.524552776516733044e+00 3.713400000000007806e-01
0.000000000000000000e+00 0.000000000000000000e+00 1.521940002057575736e+00 3.713400000000007806e-01
0.000000000000000000e+00 0.000000000000000000e+00 1.519340615015889018e+00 3.713400000000007806e-01
0.000000000000000000e+00 0.000000000000000000e+00 1.516754501456011761e+00 3.713400000000007806e-01
0.000000000000000000e+00 0.000000000000000000e+00 1.514181548795211052e+00 3.713400000000007806e-01
-3.552713678800500929e-15 -6.001205538514360011e-18 1.511621645783097323e+00 3.713400000000007806e-01
-3.552713678800500929e-15 -5.980999459260102313e-18 1.509074682481419405e+00 3.713400000000007806e-01
-3.552713678800500929e-15 -5.960928991276008141e-18 1.506540550244234611e+00 3.713400000000007806e-01
0.000000000000000000e+00 0.000000000000000000e+00 0.000000000000000000e+00 9.000000000000000222e-01
0.000000000000000000e+00 0.000000000000000000e+00 0.000000000000000000e+00 8.994600000000000373e-01
2.000000000000000111e-01 2.222222222222222307e-02 1.547598697464901973e-01 9.000000000000000222e-01
0.000000000000000000e+00 0.000000000000000000e+00 1.632993161855451902e-01 9.000000000000000222e-01
0.000000000000000000e+00 0.000000000000000000e+00 1.460593486680442921e-01 9.000000000000000222e-01
0.000000000000000000e+00 0.000000000000000000e+00 1.333333333333333315e-01 9.000000000000000222e-01
0.000000000000000000e+00 0.000000000000000000e+00 1.234426799696735216e-01 9.000000000000000222e-01
0.000000000000000000e+00 0.000000000000000000e+00 1.154700538379251629e-01 9.000000000000000222e-01
1.000000000000000056e-01 3.703703703703703845e-03 1.104921028901948016e-01 9.000000000000000222e-01
0.000000000000000000e+00 0.000000000000000000e+00 1.125462867742275525e-01 9.000000000000000222e-01
0.000000000000000000e+00 0.000000000000000000e+00 1.073086739977319598e-01 9.000000000000000222e-01
0.000000000000000000e+00 0.000000000000000000e+00 1.027402333828162789e-01 9.000000000000000222e-01
0.000000000000000000e+00 0.000000000000000000e+00 9.870962335856491021e-02 9.000000000000000222e-01
0.000000000000000000e+00 0.000000000000000000e+00 9.511897312113418157e-02 9.000000000000000222e-01
0.000000000000000000e+00 0.000000000000000000e+00 9.189365834726814786e-02 8.748000000000000220e-01
2.799999999999999822e+00 5.833333333333332732e-02 3.575572992154156249e-01 8.316000000000000059e-01
7.599999999999999645e+00 1.490196078431372528e-01 5.482136942082834752e-01 8.334000000000000297e-01
6.400000000000000355e+00 1.185185185185185230e-01 5.725427605166510947e-01 8.054999999999999938e-01
8.900000000000000355e+00 1.561403508771929960e-01 6.280064654543839886e-01 7.712999999999999856e-01
1.240000000000000036e+01 2.066666666666666652e-01 7.098982712724094535e-01 6.938999999999999613e-01
2.100000000000000000e+01 3.333333333333333148e-01 8.965542503437946564e-01 7.190999999999999615e-01
1.819999999999999929e+01 2.757575757575757569e-01 1.029277564540707290e+00 8.324999999999999067e-01
5.599999999999999645e+00 8.115942028985506651e-02 1.361081769505720462e+00 8.549999999999999822e-01
3.100000000000000533e+00 4.305555555555556219e-02 1.389027076458843712e+00 7.857000000000000650e-01
1.080000000000000071e+01 1.440000000000000169e-01 1.453202440588830635e+00 7.857000000000000650e-01
6.500000000000000000e+00 8.333333333333332871e-02 1.476692133831442266e+00 8.352000000000000535e-01
1.000000000000000000e+00 1.234567901234567833e-02 1.497436716530015310e+00 8.442000000000000615e-01
-2.775557561562891351e-17 -3.304235192336775235e-19 1.472687856882619828e+00 8.442000000000000615e-01
-2.775557561562891351e-17 -3.190296047773438290e-19 1.447073940234481215e+00 8.460900000000001198e-01
7.216449660063517513e-16 8.018277400070574261e-18 1.423298204094200825e+00 8.460900000000001198e-01
7.216449660063517513e-16 7.759623290390878317e-18 1.400153601404817705e+00 8.217900000000001315e-01
2.699999999999999734e+00 2.812499999999999722e-02 1.405102541112806636e+00 7.047900000000001386e-01
1.569999999999999929e+01 1.585858585858585801e-01 1.576917470026496959e+00 7.200900000000001189e-01
1.719999999999999929e+01 1.686274509803921406e-01 1.561420946129245868e+00 7.200900000000001189e-01
8.599999999999997868e+00 8.190476190476188301e-02 1.624970678263278678e+00 7.362900000000001111e-01
6.799999999999998046e+00 6.296296296296294281e-02 1.630246095521038496e+00 7.461900000000001310e-01
5.699999999999998401e+00 5.135135135135134032e-02 1.623024918342671929e+00 7.587900000000000755e-01
5.899999999999998579e+00 5.175438596491226811e-02 1.609305857561736941e+00 7.596900000000000874e-01
5.899999999999998579e+00 5.042735042735041473e-02 1.588614616125696211e+00 7.479900000000001548e-01
7.199999999999999289e+00 5.999999999999999084e-02 1.576197957110717640e+00 7.101900000000002100e-01
1.139999999999999858e+01 9.268292682926827786e-02 1.577183386943309840e+00 6.993900000000002892e-01
1.259999999999999787e+01 9.999999999999997780e-02 1.559151173219704534e+00 6.993900000000002892e-01
9.900000000000003908e+00 7.674418604651166154e-02 1.550869305011188803e+00 7.200900000000002299e-01
7.600000000000003197e+00 5.757575757575759956e-02 1.539338760643142345e+00 7.551900000000002500e-01
3.699999999999999289e+00 2.740740740740740117e-02 1.535429949660843452e+00 7.812900000000002620e-01
8.000000000000007105e-01 5.797101449275367593e-03 1.527941122810105856e+00 7.785900000000002263e-01
2.000000000000028422e-01 1.418439716312076999e-03 1.513063015923801879e+00 7.785900000000002263e-01
-8.881784197001252323e-16 -6.167905692361980438e-18 1.497312407096276221e+00 6.867900000000002336e-01
1.019999999999999929e+01 6.938775510204081565e-02 1.572623452424440904e+00 6.426900000000002056e-01
1.509999999999999787e+01 1.006666666666666543e-01 1.572534966931489864e+00 6.421500000000002206e-01
1.600000000000000000e+01 1.045751633986928136e-01 1.559467810566669277e+00 6.601500000000001256e-01
1.800000000000000000e+01 1.153846153846153910e-01 1.546424902889284914e+00 6.142500000000000737e-01
2.310000000000000142e+01 1.452830188679245238e-01 1.547393755843544216e+00 6.104700000000001792e-01
2.450000000000000355e+01 1.512345679012346011e-01 1.533664926074703949e+00 6.095700000000001673e-01
2.460000000000000497e+01 1.490909090909091073e-01 1.521029084726528646e+00 6.266700000000001713e-01
2.270000000000000284e+01 1.351190476190476386e-01 1.511430254559929409e+00 6.266700000000001713e-01
2.110000000000000497e+01 1.233918128654971080e-01 1.500694639837909738e+00 6.266700000000001713e-01
1.700000000000000355e+01 9.770114942528737578e-02 1.502371842144162528e+00 6.482700000000002349e-01
1.460000000000000320e+01 8.248587570621471188e-02 1.509098032358875852e+00 6.500700000000002587e-01
1.440000000000000391e+01 8.000000000000001554e-02 1.496603562144037669e+00 6.608700000000002905e-01
1.320000000000000284e+01 7.213114754098362558e-02 1.486566199255026532e+00 7.301700000000003188e-01
5.500000000000000000e+00 2.956989247311828106e-02 1.513571873089452957e+00 7.301700000000003188e-01
1.300000000000000044e+00 6.878306878306878445e-03 1.513084131291246859e+00 7.301700000000003188e-01
9.999999999999831246e-02 5.208333333333245441e-04 1.502168481029776181e+00 7.275600000000003176e-01
1.299999999999998268e+00 6.666666666666657554e-03 1.493475267980148402e+00 5.961600000000002453e-01
1.589999999999999858e+01 8.030303030303029277e-02 1.608740617010430363e+00 5.466600000000003678e-01
2.139999999999999858e+01 1.064676616915422869e-01 1.616829389215156398e+00 5.466600000000003678e-01
1.900000000000000000e+01 9.313725490196078649e-02 1.610337913870056870e+00 6.168600000000004080e-01
1.119999999999999929e+01 5.410628019323671101e-02 1.633043466828097312e+00 5.034600000000003517e-01
2.379999999999999716e+01 1.133333333333333137e-01 1.695431770638054392e+00 5.268600000000003281e-01
2.639999999999999858e+01 1.239436619718309734e-01 1.688080120870632417e+00 5.268600000000003281e-01
1.889999999999999858e+01 8.749999999999999445e-02 1.711042905386674917e+00 5.223600000000002685e-01
1.850000000000000000e+01 8.447488584474885376e-02 1.700721327777542369e+00 5.223600000000002685e-01
1.559999999999999787e+01 7.027027027027026029e-02 1.693607195414387201e+00 5.191200000000002479e-01
1.679999999999999716e+01 7.466666666666665897e-02 1.683126191875635280e+00 4.939200000000003032e-01
1.959999999999999432e+01 8.596491228070173019e-02 1.675775661878489808e+00 5.389200000000002877e-01
2.459999999999999787e+01 1.064935064935064873e-01 1.675130362233732129e+00 5.524200000000003552e-01
2.309999999999999432e+01 9.871794871794870030e-02 1.667473670501155247e+00 6.388200000000003875e-01
1.349999999999999289e+01 5.696202531645566669e-02 1.698648026137664413e+00 6.388200000000003875e-01
-1.776356839400250465e-15 -7.401486830834376833e-18 1.766352173265569370e+00 6.388200000000003875e-01
-1.776356839400250465e-15 -7.310110450206792657e-18 1.755414902945022115e+00 6.388200000000003875e-01
-1.776356839400250465e-15 -7.220962761789636799e-18 1.744678319640726727e+00 6.388200000000003875e-01
-3.552713678800500929e-15 -1.426792642088554459e-17 1.734136360169710178e+00 6.388200000000003875e-01
-3.552713678800500929e-15 -1.409807015397024100e-17 1.723783214742669267e+00 5.983200000000004071e-01
4.499999999999996447e+00 1.764705882352939764e-02 1.724393145013566997e+00 5.704200000000003712e-01
7.600000000000000533e+00 2.945736434108527438e-02 1.719153527999568665e+00 5.704200000000003712e-01
6.500000000000000888e+00 2.490421455938697515e-02 1.709908158459213512e+00 5.605200000000003513e-01
5.500000000000000000e+00 2.083333333333333218e-02 1.704289837735970758e+00 5.830200000000003158e-01
3.000000000000000000e+00 1.123595505617977497e-02 1.702021591705677350e+00 6.028200000000002445e-01
8.000000000000007105e-01 2.962962962962965418e-03 1.695656356727311520e+00 6.100200000000002287e-01
0.000000000000000000e+00 0.000000000000000000e+00 1.686685633100734272e+00 5.227200000000001845e-01
9.699999999999999289e+00 3.514492753623188470e-02 1.724471242425495099e+00 4.381200000000001760e-01
1.910000000000000142e+01 6.845878136200717057e-02 1.746519772691217609e+00 4.255200000000001759e-01
1.969999999999999929e+01 6.985815602836879801e-02 1.739786603778980201e+00 4.363200000000001522e-01
2.089999999999999858e+01 7.333333333333333370e-02 1.730994373320674962e+00 4.322700000000000986e-01
2.239999999999999503e+01 7.777777777777776513e-02 1.722499977602178545e+00 4.322700000000000986e-01
2.079999999999999716e+01 7.147766323024054569e-02 1.714796396803643708e+00 4.470300000000000940e-01
1.929999999999999716e+01 6.564625850340134738e-02 1.707967550563686210e+00 4.704300000000000703e-01
1.669999999999999574e+01 5.622895622895621170e-02 1.703799454330138685e+00 5.244300000000000628e-01
1.069999999999999574e+01 3.566666666666665209e-02 1.708496772669536590e+00 5.136300000000000310e-01
1.059999999999999432e+01 3.498349834983496137e-02 1.702288476091319280e+00 4.983300000000000507e-01
1.229999999999999893e+01 4.019607843137254499e-02 1.701129563442657977e+00 5.595300000000000828e-01
5.499999999999998224e+00 1.779935275080905474e-02 1.708887962908348213e+00 5.910300000000000553e-01
1.999999999999996447e+00 6.410256410256398758e-03 1.707062234575915660e+00 5.910300000000000553e-01
-3.552713678800500929e-15 -1.127845612317619342e-17 1.701092086194714303e+00 5.910300000000000553e-01
-3.552713678800500929e-15 -1.117205559371226767e-17 1.693049052549754796e+00 5.910300000000000553e-01
0.000000000000000000e+00 0.000000000000000000e+00 1.685119036811435045e+00 5.361300000000001065e-01
6.100000000000001421e+00 1.882716049382716569e-02 1.694776974949170789e+00 5.397300000000001541e-01
3.600000000000001421e+00 1.100917431192660959e-02 1.692310697043742040e+00 4.839300000000001378e-01
9.800000000000002487e+00 2.969696969696970432e-02 1.698474332949363896e+00 5.190300000000002134e-01
5.900000000000002132e+00 1.771771771771772294e-02 1.695839694270971254e+00 5.334300000000002928e-01
7.200000000000002842e+00 2.142857142857143571e-02 1.689697171274262777e+00 5.298300000000002452e-01
7.600000000000001421e+00 2.241887905604720080e-02 1.686690582909455616e+00 5.298300000000002452e-01
1.000000000000014211e-01 2.923976608187176299e-04 1.696030772816302878e+00 5.298300000000002452e-01
7.105427357601001859e-15 2.059544161623478825e-17 1.688649232932659006e+00 5.298300000000002452e-01
7.105427357601001859e-15 2.041789470575000506e-17 1.681354817695689619e+00 5.298300000000002452e-01
7.105427357601001859e-15 2.024338278518804049e-17 1.674154121576631571e+00 5.298300000000002452e-01
5.329070518200751394e-15 1.505387152034110558e-17 1.667045154764140946e+00 5.284800000000002829e-01
5.000000000000053291e-01 1.400560224089650828e-03 1.660101326359688878e+00 5.311800000000003186e-01
2.000000000000046185e-01 5.555555555555683487e-04 1.653262673967994312e+00 5.311800000000003186e-01
5.329070518200751394e-15 1.468063503636570673e-17 1.646450393443915861e+00 5.311800000000003186e-01
5.329070518200751394e-15 1.456030196229713571e-17 1.639688761616873824e+00 5.311800000000003186e-01
0.000000000000000000e+00 0.000000000000000000e+00 1.633026352436076634e+00 5.309100000000003261e-01
9.999999999999964473e-02 2.688172043010742928e-04 1.626436480979826626e+00 5.309100000000003261e-01
0.000000000000000000e+00 0.000000000000000000e+00 1.619925924232339609e+00 5.309100000000003261e-01
0.000000000000000000e+00 0.000000000000000000e+00 1.613484841370792955e+00 5.309100000000003261e-01
0.000000000000000000e+00 0.000000000000000000e+00 1.607119984839119331e+00 5.309100000000003261e-01
-3.108624468950438313e-15 -8.095376221225100288e-18 1.600829862914856960e+00 5.309100000000003261e-01
-3.108624468950438313e-15 -8.032621366796997600e-18 1.594613024427687931e+00 5.309100000000003261e-01
-3.108624468950438313e-15 -7.970831971667789962e-18 1.588468057352985907e+00 5.309100000000003261e-01
-3.108624468950438313e-15 -7.909985926082540057e-18 1.582393587464526741e+00 5.165100000000002467e-01
1.599999999999994760e+00 4.040404040404027390e-03 1.577984214175064404e+00 5.291100000000001913e-01
2.099999999999994760e+00 5.263157894736828976e-03 1.574243620238209740e+00 5.804100000000002035e-01
7.800000000000000711e+00 1.940298507462686825e-02 1.580547685726932050e+00 5.543100000000001915e-01
1.019999999999999929e+01 2.518518518518518198e-02 1.578750178527392523e+00 5.480100000000002192e-01
1.090000000000000036e+01 2.671568627450980615e-02 1.573227916110202740e+00 5.561100000000003263e-01
1.000000000000000000e+01 2.433090024330900394e-02 1.568715353819152281e+00 5.525100000000002787e-01
8.599999999999999645e+00 2.077294685990338161e-02 1.564584920226914866e+00 5.129100000000003101e-01
1.300000000000000178e+01 3.117505995203837324e-02 1.563810389970878623e+00 5.246100000000002428e-01
1.170000000000000107e+01 2.785714285714285809e-02 1.559459667892155732e+00 5.192100000000002824e-01
1.370000000000000107e+01 3.238770685579196729e-02 1.555487721903675569e+00 5.171400000000003772e-01
1.470000000000000107e+01 3.450704225352112936e-02 1.550452566429727508e+00 5.072400000000003573e-01
1.580000000000000249e+01 3.682983682983683588e-02 1.545305009518540773e+00 5.072400000000003573e-01
1.110000000000000142e+01 2.569444444444444683e-02 1.546295447299611769e+00 4.892400000000003413e-01
1.220000000000000107e+01 2.804597701149425665e-02 1.543021248265479262e+00 4.892400000000003413e-01
7.600000000000001421e+00 1.735159817351598563e-02 1.547016666321485046e+00 5.279400000000004090e-01
3.300000000000004263e+00 7.482993197278920913e-03 1.550075198323961123e+00 5.279400000000004090e-01
6.000000000000049738e-01 1.351351351351362485e-03 1.546631903822495380e+00 5.279400000000004090e-01
7.105427357601001859e-15 1.589581064340268838e-17 1.541694932929092543e+00 5.279400000000004090e-01
-5.329070518200751394e-15 -1.184237892933500386e-17 1.536547356178057377e+00 5.270400000000003971e-01
-5.329070518200751394e-15 -1.176395257880960572e-17 1.531465413734761194e+00 5.270400000000003971e-01
-5.329070518200751394e-15 -1.168655815394901557e-17 1.526419385474017565e+00 5.270400000000003971e-01
-5.329070518200751394e-15 -1.161017542091667006e-17 1.521422909267937884e+00 5.270400000000003971e-01
-5.329070518200751394e-15 -1.153478467143019858e-17 1.516475179387044792e+00 5.270400000000003971e-01
-7.105427357601001859e-15 -1.528048894107742334e-17 1.511575408325288805e+00 5.270400000000003971e-01
-7.105427357601001859e-15 -1.518253708889103114e-17 1.506722826273523719e+00 5.270400000000003971e-01
-7.105427357601001859e-15 -1.508583303100000368e-17 1.501916680611457444e+00 5.270400000000003971e-01
-7.105427357601001859e-15 -1.499035307510759760e-17 1.497156235417314463e+00 5.270400000000003971e-01
-7.105427357601001859e-15 -1.489607412494969023e-17 1.492440770994488908e+00 5.270400000000003971e-01
8.881784197001252323e-16 1.850371707708594208e-18 1.487769583414492836e+00 5.270400000000003971e-01
8.881784197001252323e-16 1.838878715735249061e-18 1.483141984075542430e+00 5.270400000000003971e-01
8.881784197001252323e-16 1.827527612551698164e-18 1.478557299276155312e+00 5.270400000000003971e-01
1.776356839400250465e-15 3.632631573415645464e-18 1.474014869803157213e+00 5.270400000000003971e-01
1.776356839400250465e-15 3.610481380894818400e-18 1.469514050533524907e+00 5.243400000000003613e-01
1.000000000000001776e+00 2.020202020202023670e-03 1.465742118924006965e+00 4.415400000000003766e-01
1.020000000000000107e+01 2.048192771084337421e-02 1.480523545421988496e+00 4.235400000000003606e-01
1.220000000000000107e+01 2.435129740518962235e-02 1.477119515887216128e+00 3.731400000000003603e-01
1.780000000000000426e+01 3.531746031746032383e-02 1.479577474278906957e+00 3.515400000000004077e-01
2.020000000000000284e+01 3.984220907297830738e-02 1.476412296408975644e+00 3.416400000000003878e-01
2.080000000000000426e+01 4.078431372549020523e-02 1.472926715876311299e+00 3.717000000000003634e-01
1.760000000000000853e+01 3.430799220272905820e-02 1.472963740878886041e+00 5.040000000000003366e-01
2.900000000000006573e+00 5.620155038759702855e-03 1.516174872273876373e+00 5.295600000000003638e-01
2.000000000000072831e-01 3.853564547206306170e-04 1.515036975917843032e+00 5.106600000000004469e-01
2.300000000000006928e+00 4.406130268199246955e-03 1.511653243487009135e+00 5.070600000000003993e-01
2.700000000000007283e+00 5.142857142857156470e-03 1.507540484672027059e+00 5.288400000000004209e-01
7.000000000000046185e-01 1.325757575757584511e-03 1.505664224692333297e+00 5.000400000000003731e-01
3.900000000000004352e+00 7.344632768361589875e-03 1.503606058374348242e+00 4.478400000000003489e-01
9.700000000000002842e+00 1.816479400749064152e-02 1.506648065182639273e+00 4.543200000000003347e-01
9.400000000000005684e+00 1.750465549348231842e-02 1.503066670415485584e+00 4.720500000000003027e-01
8.900000000000005684e+00 1.648148148148149278e-02 1.504932208892070911e+00 4.126500000000003499e-01
1.550000000000000355e+01 2.854511970534070672e-02 1.511312499385983221e+00 3.262500000000003730e-01
2.510000000000000142e+01 4.597069597069597391e-02 1.526251444444442384e+00 3.064500000000003888e-01
2.730000000000000071e+01 4.972677595628415687e-02 1.522946800224490138e+00 3.089700000000003555e-01
2.730000000000000071e+01 4.945652173913043376e-02 1.518962172485863293e+00 3.089700000000003555e-01
2.060000000000000142e+01 3.711711711711711964e-02 1.524452574844572750e+00 3.089700000000003555e-01
1.130000000000000071e+01 2.025089605734767262e-02 1.537780580147378506e+00 3.953700000000003878e-01
1.700000000000002842e+00 3.030303030303035505e-03 1.551966637183929132e+00 4.106700000000003681e-01
3.552713678800500929e-15 6.299137728369682346e-18 1.548689677214921234e+00 4.106700000000003681e-01
3.552713678800500929e-15 6.265808957320107111e-18 1.544587180797151627e+00 4.106700000000003681e-01
0.000000000000000000e+00 0.000000000000000000e+00 1.540517115275302773e+00 4.106700000000003681e-01
0.000000000000000000e+00 0.000000000000000000e+00 1.536479055603152455e+00 4.106700000000003681e-01
0.000000000000000000e+00 0.000000000000000000e+00 1.532472584492858836e+00 4.106700000000003681e-01
0.000000000000000000e+00 0.000000000000000000e+00 1.528497292233829352e+00 4.106700000000003681e-01
0.000000000000000000e+00 0.000000000000000000e+00 1.524552776516733044e+00 4.106700000000003681e-01
0.000000000000000000e+00 0.000000000000000000e+00 1.520638642262480467e+00 4.106700000000003681e-01
0.000000000000000000e+00 0.000000000000000000e+00 1.516754501456011761e+00 4.106700000000003681e-01
0.000000000000000000e+00 0.000000000000000000e+00 1.512899972984728114e+00 4.106700000000003681e-01
-3.552713678800500929e-15 -5.980999459260102313e-18 1.509074682481419405e+00 4.106700000000003681e-01
0.000000000000000000e+00 0.000000000000000000e+00 0.000000000000000000e+00 9.000000000000000222e-01
0.000000000000000000e+00 0.000000000000000000e+00 1.499999999999999944e-01 9.000000000000000222e-01
0.000000000000000000e+00 0.000000000000000000e+00 1.632993161855451902e-01 9.000000000000000222e-01
0.000000000000000000e+00 0.000000000000000000e+00 1.414213562373095034e-01 9.000000000000000222e-01
0.000000000000000000e+00 0.000000000000000000e+00 1.264911064067351654e-01 9.000000000000000222e-01
0.000000000000000000e+00 0.000000000000000000e+00 1.154700538379251629e-01 8.981999999999999984e-01
2.000000000000000111e-01 7.142857142857143501e-03 1.099628879881475035e-01 9.000000000000000222e-01
0.000000000000000000e+00 0.000000000000000000e+00 1.089724735885168327e-01 9.000000000000000222e-01
0.000000000000000000e+00 0.000000000000000000e+00 1.027402333828162789e-01 9.000000000000000222e-01
0.000000000000000000e+00 0.000000000000000000e+00 9.746794344808963617e-02 9.000000000000000222e-01
0.000000000000000000e+00 0.000000000000000000e+00 9.293203772845851085e-02 8.748000000000000220e-01
2.799999999999999822e+00 5.833333333333332732e-02 3.575572992154156249e-01 8.316000000000000059e-01
7.599999999999999645e+00 1.461538461538461342e-01 5.433024155964147894e-01 8.352899999999999769e-01
9.500000000000000000e+00 1.696428571428571508e-01 6.253340943782265127e-01 8.331299999999999262e-01
1.240000000000000036e+01 2.066666666666666652e-01 7.098982712724094535e-01 7.386300000000000088e-01
2.289999999999999858e+01 3.578124999999999778e-01 9.104951756290363685e-01 8.529299999999999660e-01
1.019999999999999929e+01 1.499999999999999944e-01 1.246111599194493769e+00 8.439299999999999580e-01
3.100000000000000533e+00 4.305555555555556219e-02 1.389027076458843712e+00 7.746300000000000407e-01
1.080000000000000071e+01 1.421052631578947345e-01 1.443703493932653625e+00 8.484300000000001285e-01
2.600000000000000089e+00 3.250000000000000111e-02 1.495808727745629785e+00 8.484300000000001285e-01
-2.775557561562891351e-17 -3.304235192336775235e-19 1.472687856882619828e+00 8.476200000000001511e-01
3.000000000000007105e-01 3.409090909090917165e-03 1.439179758785946062e+00 8.503200000000001868e-01
7.216449660063517513e-16 7.843967021808170607e-18 1.407742565398511392e+00 8.746200000000001751e-01
2.699999999999999734e+00 2.812499999999999722e-02 1.405102541112806636e+00 7.423200000000002019e-01
1.739999999999999858e+01 1.739999999999999880e-01 1.576491040253638731e+00 7.423200000000002019e-01
1.119999999999999751e+01 1.076923076923076705e-01 1.611240104564249265e+00 7.819200000000001705e-01
6.799999999999998046e+00 6.296296296296294281e-02 1.630246095521038496e+00 7.943400000000001571e-01
7.099999999999997868e+00 6.339285714285712581e-02 1.620735918369132778e+00 8.042400000000001770e-01
5.999999999999998224e+00 5.172413793103446816e-02 1.595385736440579461e+00 7.934400000000002562e-01
7.199999999999999289e+00 5.999999999999999084e-02 1.576197957110717640e+00 8.357400000000001494e-01
1.189999999999999858e+01 9.596774193548386622e-02 1.571233293777708262e+00 8.474400000000001931e-01
1.060000000000000142e+01 8.281250000000001110e-02 1.555389288841783735e+00 8.744400000000001061e-01
7.600000000000003197e+00 5.757575757575759956e-02 1.539338760643142345e+00 8.744400000000001061e-01
2.600000000000001421e+00 1.911764705882354129e-02 1.532803789383169857e+00 8.717400000000000704e-01
4.000000000000021316e-01 2.857142857142872319e-03 1.518361092811346014e+00 8.753400000000001180e-01
-8.881784197001252323e-16 -6.167905692361980438e-18 1.497312407096276221e+00 7.664400000000001212e-01
1.209999999999999787e+01 8.175675675675674048e-02 1.574459888607113500e+00 7.322400000000001130e-01
1.589999999999999858e+01 1.046052631578947290e-01 1.564589185015362371e+00 7.133400000000001961e-01
1.800000000000000000e+01 1.153846153846153910e-01 1.546424902889284914e+00 6.620400000000001839e-01
2.370000000000000284e+01 1.481250000000000067e-01 1.542966780062033694e+00 6.485400000000002274e-01
2.520000000000000284e+01 1.536585365853658791e-01 1.524530725234235495e+00 6.485400000000002274e-01
2.270000000000000284e+01 1.351190476190476386e-01 1.511430254559929409e+00 6.701400000000000690e-01
2.030000000000000426e+01 1.180232558139535093e-01 1.497971744825774776e+00 6.683400000000000452e-01
1.410000000000000320e+01 8.011363636363638685e-02 1.513050045977406333e+00 6.656400000000001205e-01
1.440000000000000391e+01 8.000000000000001554e-02 1.496603562144037669e+00 6.656400000000001205e-01
1.150000000000000000e+01 6.250000000000000000e-02 1.488235112473832222e+00 6.656400000000001205e-01
2.899999999999999911e+00 1.542553191489361673e-02 1.512545525879720021e+00 6.908400000000000096e-01
9.999999999999831246e-02 5.208333333333245441e-04 1.502168481029776181e+00 6.557399999999999896e-01
3.899999999999997691e+00 1.989795918367345817e-02 1.501075121437936755e+00 5.045399999999999885e-01
2.069999999999999929e+01 1.034999999999999948e-01 1.620320261553252150e+00 5.198399999999999688e-01
1.900000000000000000e+01 9.313725490196078649e-02 1.610337913870056870e+00 5.567400000000000126e-01
1.489999999999999858e+01 7.163461538461537992e-02 1.648517172034942080e+00 4.550400000000000000e-01
2.619999999999999574e+01 1.235849056603773449e-01 1.692048657067925177e+00 4.532400000000000317e-01
1.889999999999999858e+01 8.749999999999999445e-02 1.711042905386674917e+00 4.658400000000000873e-01
1.750000000000000000e+01 7.954545454545454419e-02 1.698418990153991004e+00 4.793400000000000993e-01
1.599999999999999467e+01 7.142857142857141073e-02 1.686179566538583252e+00 4.469400000000001150e-01
1.959999999999999432e+01 8.596491228070173019e-02 1.675775661878489808e+00 3.983400000000001384e-01
2.499999999999999289e+01 1.077586206896551380e-01 1.671626858939856852e+00 4.685400000000000675e-01
1.719999999999999218e+01 7.288135593220335107e-02 1.684508730725277736e+00 6.233400000000000052e-01
-1.776356839400250465e-15 -7.401486830834376833e-18 1.766352173265569370e+00 6.233400000000000052e-01
-1.776356839400250465e-15 -7.280150981148567857e-18 1.751814048070283514e+00 6.233400000000000052e-01
-1.776356839400250465e-15 -7.162729191130041997e-18 1.737629085481040558e+00 6.233400000000000052e-01
-3.552713678800500929e-15 -1.409807015397024100e-17 1.723783214742669267e+00 5.657400000000000206e-01
6.400000000000002132e+00 2.500000000000000833e-02 1.725022644778902547e+00 5.639399999999999968e-01
6.600000000000000533e+00 2.538461538461538741e-02 1.713175707835352002e+00 5.807700000000000085e-01
5.500000000000000000e+00 2.083333333333333218e-02 1.704289837735970758e+00 5.771699999999999608e-01
2.900000000000000355e+00 1.082089552238806041e-02 1.698856748376294190e+00 5.771699999999999608e-01
0.000000000000000000e+00 0.000000000000000000e+00 1.689783313640782714e+00 6.644700000000000051e-01
9.699999999999999289e+00 3.514492753623188470e-02 1.724471242425495099e+00 5.672699999999999410e-01
2.050000000000000000e+01 7.321428571428571785e-02 1.745206810445251833e+00 5.735699999999999132e-01
2.039999999999999858e+01 7.183098591549295919e-02 1.733853730903109680e+00 5.555700000000001193e-01
2.239999999999999503e+01 7.777777777777776513e-02 1.722499977602178545e+00 5.555700000000001193e-01
2.029999999999999716e+01 6.952054794520547143e-02 1.712183110243305828e+00 5.573700000000001431e-01
1.709999999999999787e+01 5.777027027027026307e-02 1.706468346467206354e+00 6.149700000000001276e-01
1.069999999999999574e+01 3.566666666666665209e-02 1.708496772669536590e+00 5.843700000000000561e-01
1.279999999999999893e+01 4.210526315789473589e-02 1.704001726424157370e+00 5.924700000000000522e-01
8.599999999999997868e+00 2.792207792207791403e-02 1.702385520809142960e+00 6.518700000000000605e-01
1.999999999999996447e+00 6.410256410256398758e-03 1.707062234575915660e+00 6.518700000000000605e-01
-3.552713678800500929e-15 -1.124276480633069897e-17 1.698398351984985899e+00 6.518700000000000605e-01
0.000000000000000000e+00 0.000000000000000000e+00 1.687749981484224282e+00 5.969700000000001117e-01
6.100000000000001421e+00 1.882716049382716569e-02 1.694776974949170789e+00 5.969700000000000006e-01
6.100000000000001421e+00 1.859756097560975874e-02 1.695291681930669814e+00 5.906700000000000284e-01
6.800000000000000711e+00 2.048192771084337421e-02 1.697642521024807616e+00 5.870699999999999807e-01
7.200000000000002842e+00 2.142857142857143571e-02 1.689697171274262777e+00 6.155999999999999250e-01
5.500000000000000000e+00 1.617647058823529563e-02 1.688125508830434551e+00 6.650999999999999135e-01
7.105427357601001859e-15 2.065531208604942372e-17 1.691101883801017225e+00 6.650999999999999135e-01
7.105427357601001859e-15 2.041789470575000506e-17 1.681354817695689619e+00 6.650999999999999135e-01
5.329070518200751394e-15 1.513940488125213352e-17 1.671774370378534602e+00 6.677999999999999492e-01
3.000000000000060396e-01 8.426966292135000796e-04 1.662397878244774585e+00 6.704999999999999849e-01
2.000000000000046185e-01 5.555555555555683487e-04 1.653262673967994312e+00 6.723000000000000087e-01
5.329070518200751394e-15 1.464030362143063607e-17 1.644187230321306314e+00 6.723000000000000087e-01
0.000000000000000000e+00 0.000000000000000000e+00 1.635243632958231386e+00 6.713999999999999968e-01
9.999999999999964473e-02 2.688172043010742928e-04 1.626436480979826626e+00 6.713999999999999968e-01
0.000000000000000000e+00 0.000000000000000000e+00 1.617770333225278856e+00 6.713999999999999968e-01
0.000000000000000000e+00 0.000000000000000000e+00 1.609233227020672841e+00 6.713999999999999968e-01
-3.108624468950438313e-15 -8.095376221225100288e-18 1.600829862914856960e+00 6.713999999999999968e-01
-3.108624468950438313e-15 -8.011918734408345437e-18 1.592556784985095009e+00 6.713999999999999968e-01
-3.108624468950438313e-15 -7.930164461608260563e-18 1.584410661052601865e+00 6.670800000000000063e-01
1.599999999999994760e+00 4.040404040404027390e-03 1.577984214175064404e+00 6.526800000000000379e-01
2.300000000000000711e+00 5.750000000000001638e-03 1.572304657978217612e+00 5.770799999999999264e-01
1.069999999999999929e+01 2.648514851485148439e-02 1.580486365258977122e+00 5.698799999999999422e-01
1.090000000000000036e+01 2.671568627450980615e-02 1.573227916110202740e+00 5.919300000000000672e-01
8.800000000000000711e+00 2.135922330097087679e-02 1.567968228665444164e+00 5.649300000000000432e-01
1.180000000000000249e+01 2.836538461538462216e-02 1.564637221762556596e+00 5.514299999999999757e-01
1.170000000000000107e+01 2.785714285714285809e-02 1.559459667892155732e+00 5.271299999999999875e-01
1.440000000000000213e+01 3.396226415094340256e-02 1.553989800630235063e+00 5.253300000000000747e-01
1.530000000000000249e+01 3.574766355140187452e-02 1.546946842802672917e+00 5.662800000000002276e-01
1.110000000000000142e+01 2.569444444444444683e-02 1.546295447299611769e+00 5.482800000000002116e-01
8.900000000000002132e+00 2.041284403669725231e-02 1.549451164809207304e+00 5.788800000000001722e-01
5.500000000000005329e+00 1.250000000000001284e-02 1.548255066195489693e+00 5.788800000000001722e-01
6.000000000000049738e-01 1.351351351351362485e-03 1.546631903822495380e+00 5.842800000000001326e-01
-5.329070518200751394e-15 -1.189524669241239084e-17 1.539973330010249608e+00 5.833800000000001207e-01
9.999999999999609201e-02 2.212389380530886956e-04 1.533151345561965195e+00 5.833800000000001207e-01
-5.329070518200751394e-15 -1.168655815394901557e-17 1.526419385474017565e+00 5.833800000000001207e-01
-5.329070518200751394e-15 -1.158493590913206762e-17 1.519768288974971737e+00 5.833800000000001207e-01
-7.105427357601001859e-15 -1.531342102931250379e-17 1.513203384465756640e+00 5.833800000000001207e-01
-7.105427357601001859e-15 -1.518253708889103114e-17 1.506722826273523719e+00 5.833800000000001207e-01
-7.105427357601001859e-15 -1.505387152034110558e-17 1.500324823586941303e+00 5.833800000000001207e-01
-7.105427357601001859e-15 -1.492736839832143183e-17 1.494007638377197633e+00 5.833800000000001207e-01
8.881784197001252323e-16 1.850371707708594208e-18 1.487769583414492836e+00 5.833800000000001207e-01
8.881784197001252323e-16 1.835079379545713341e-18 1.481609020374875518e+00 5.833800000000001207e-01
8.881784197001252323e-16 1.820037745287141964e-18 1.475524358032608285e+00 5.833800000000001207e-01
1.776356839400250465e-15 3.610481380894818400e-18 1.469514050533524907e+00 5.464800000000000768e-01
4.100000000000002309e+00 8.266129032258070011e-03 1.470843041169241694e+00 4.771799999999999931e-01
1.180000000000000249e+01 2.360000000000000639e-02 1.478500267162640602e+00 4.231800000000000006e-01
1.780000000000000426e+01 3.531746031746032383e-02 1.479577474278906957e+00 4.042800000000000282e-01
1.989999999999999858e+01 3.917322834645668717e-02 1.475035334393205444e+00 4.141799999999999926e-01
1.880000000000000426e+01 3.671875000000000833e-02 1.473390069159703941e+00 5.572799999999999976e-01
2.900000000000006573e+00 5.620155038759702855e-03 1.516174872273876373e+00 5.635799999999999699e-01
7.000000000000072831e-01 1.346153846153860193e-03 1.513737769239992481e+00 5.428799999999999182e-01
3.000000000000007105e+00 5.725190839694670360e-03 1.508919299100347056e+00 5.374799999999999578e-01
7.000000000000046185e-01 1.325757575757584511e-03 1.505664224692333297e+00 4.960799999999999099e-01
5.300000000000004263e+00 9.962406015037601412e-03 1.503402906521924987e+00 4.510799999999998700e-01
1.020000000000000462e+01 1.902985074626866585e-02 1.504052917358099650e+00 4.760099999999998222e-01
8.900000000000005684e+00 1.648148148148149278e-02 1.504932208892070911e+00 3.797099999999998809e-01
1.960000000000000142e+01 3.602941176470588619e-02 1.519961434984727022e+00 3.158099999999999241e-01
2.669999999999999929e+01 4.872262773722627754e-02 1.524154130518162731e+00 3.068099999999999161e-01
2.730000000000000071e+01 4.945652173913043376e-02 1.518962172485863293e+00 3.923099999999999365e-01
1.780000000000000071e+01 3.201438848920863667e-02 1.527817684637408968e+00 5.111099999999999532e-01
4.600000000000001421e+00 8.214285714285717369e-03 1.548491324694155846e+00 5.111099999999999532e-01
3.552713678800500929e-15 6.299137728369682346e-18 1.548689677214921234e+00 5.111099999999999532e-01
0.000000000000000000e+00 0.000000000000000000e+00 1.543226910008585806e+00 5.111099999999999532e-01
0.000000000000000000e+00 0.000000000000000000e+00 1.537821545204483442e+00 5.111099999999999532e-01
0.000000000000000000e+00 0.000000000000000000e+00 1.532472584492858836e+00 5.111099999999999532e-01
0.000000000000000000e+00 0.000000000000000000e+00 1.527179053702926392e+00 5.111099999999999532e-01
0.000000000000000000e+00 0.000000000000000000e+00 1.521940002057575736e+00 5.111099999999999532e-01
0.000000000000000000e+00 0.000000000000000000e+00 1.516754501456011761e+00 5.111099999999999532e-01
-3.552713678800500929e-15 -6.001205538514360011e-18 1.511621645783097323e+00 5.111099999999999532e-01
0.000000000000000000e+00 0.000000000000000000e+00 0.000000000000000000e+00 8.945999999999999508e-01
2.999999999999999889e-01 2.999999999999999889e-02 1.486606874731850325e-01 8.945999999999999508e-01
0.000000000000000000e+00 0.000000000000000000e+00 1.460593486680442921e-01 8.945999999999999508e-01
0.000000000000000000e+00 0.000000000000000000e+00 1.264911064067351654e-01 8.945999999999999508e-01
0.000000000000000000e+00 0.000000000000000000e+00 1.131370849898476055e-01 8.927999999999999270e-01
0.000000000000000000e+00 0.000000000000000000e+00 1.125462867742275525e-01 8.927999999999999270e-01
0.000000000000000000e+00 0.000000000000000000e+00 1.041976144503455326e-01 8.927999999999999270e-01
0.000000000000000000e+00 0.000000000000000000e+00 9.746794344808963617e-02 8.927999999999999270e-01
0.000000000000000000e+00 0.000000000000000000e+00 9.189365834726814786e-02 8.297999999999998710e-01
7.000000000000000000e+00 1.400000000000000133e-01 5.499090833947007928e-01 8.477999999999998870e-01
7.599999999999999645e+00 1.381818181818181834e-01 5.854263121368468159e-01 7.964999999999998748e-01
1.240000000000000036e+01 2.066666666666666652e-01 7.098982712724094535e-01 7.127999999999998781e-01
2.169999999999999929e+01 3.338461538461538480e-01 9.235844758459663684e-01 8.855999999999998318e-01
2.500000000000000000e+00 3.571428571428571230e-02 1.403061521335775552e+00 8.108999999999999542e-01
1.080000000000000071e+01 1.440000000000000169e-01 1.453202440588830635e+00 8.108999999999999542e-01
2.600000000000000089e+00 3.250000000000000111e-02 1.495808727745629785e+00 8.108999999999999542e-01
-2.775557561562891351e-17 -3.265361837132813309e-19 1.463999357119755818e+00 8.135999999999999899e-01
7.216449660063517513e-16 8.018277400070574261e-18 1.423298204094200825e+00 8.135999999999999899e-01
7.216449660063517513e-16 7.596262800066861043e-18 1.385336744166140166e+00 6.570000000000000284e-01
1.739999999999999858e+01 1.739999999999999880e-01 1.576491040253638731e+00 7.362000000000000766e-01
8.599999999999997868e+00 8.190476190476188301e-02 1.624970678263278678e+00 7.227000000000001201e-01
4.799999999999998046e+00 4.363636363636361898e-02 1.628358195613956561e+00 7.270200000000001106e-01
5.999999999999998224e+00 5.217391304347824416e-02 1.602299859364491930e+00 7.162200000000001898e-01
7.199999999999999289e+00 5.999999999999999084e-02 1.576197957110717640e+00 6.721200000000002728e-01
1.209999999999999787e+01 9.679999999999998328e-02 1.564963181675530501e+00 6.995700000000002472e-01
9.400000000000003908e+00 7.230769230769233669e-02 1.545714441963545349e+00 7.508700000000002595e-01
3.699999999999999289e+00 2.740740740740740117e-02 1.535429949660843452e+00 7.805700000000002081e-01
4.000000000000021316e-01 2.857142857142872319e-03 1.518361092811346014e+00 7.922700000000002518e-01
1.299999999999999156e+00 8.965517241379304669e-03 1.496013887146465215e+00 6.680700000000002747e-01
1.509999999999999787e+01 1.006666666666666543e-01 1.572534966931489864e+00 6.437700000000002865e-01
1.750000000000000000e+01 1.129032258064516098e-01 1.551095749105392718e+00 5.879700000000003257e-01
2.370000000000000284e+01 1.481250000000000067e-01 1.542966780062033694e+00 6.014700000000002822e-01
2.460000000000000497e+01 1.490909090909091073e-01 1.521029084726528646e+00 6.284700000000001952e-01
2.160000000000000497e+01 1.270588235294118074e-01 1.504337902850139796e+00 6.977700000000002234e-01
1.390000000000000213e+01 7.942857142857144559e-02 1.517339669773840605e+00 6.932700000000002749e-01
1.440000000000000391e+01 8.000000000000001554e-02 1.496603562144037669e+00 6.932700000000002749e-01
8.400000000000000355e+00 4.540540540540540654e-02 1.502212052894887906e+00 7.616700000000001802e-01
8.000000000000000444e-01 4.210526315789473589e-03 1.509542683587783429e+00 7.733700000000002239e-01
1.299999999999998268e+00 6.666666666666657554e-03 1.493475267980148402e+00 5.987700000000002465e-01
2.069999999999999929e+01 1.034999999999999948e-01 1.620320261553252150e+00 5.924700000000002742e-01
1.669999999999999929e+01 8.146341463414634443e-02 1.615035393368282390e+00 5.285700000000002063e-01
2.379999999999999716e+01 1.133333333333333137e-01 1.695431770638054392e+00 5.519700000000001827e-01
1.960000000000000142e+01 9.116279069767442567e-02 1.714172400901034399e+00 5.740200000000001967e-01
1.750000000000000000e+01 7.954545454545454419e-02 1.698418990153991004e+00 5.878800000000001802e-01
1.679999999999999716e+01 7.466666666666665897e-02 1.683126191875635280e+00 5.275800000000002710e-01
2.349999999999999645e+01 1.021739130434782400e-01 1.677483769173701900e+00 5.527800000000003822e-01
2.069999999999999218e+01 8.808510638297868678e-02 1.671852887625967732e+00 7.390800000000002923e-01
-1.776356839400250465e-15 -7.401486830834376833e-18 1.766352173265569370e+00 7.390800000000002923e-01
-1.776356839400250465e-15 -7.250436079184696428e-18 1.748235261803240403e+00 7.390800000000002923e-01
-3.552713678800500929e-15 -1.421085471520200401e-17 1.730664612222714727e+00 6.985800000000003118e-01
4.499999999999996447e+00 1.764705882352939764e-02 1.724393145013566997e+00 6.796800000000002839e-01
6.600000000000000533e+00 2.538461538461538741e-02 1.713175707835352002e+00 6.895800000000003038e-01
3.000000000000000000e+00 1.132075471698113130e-02 1.708078516307470096e+00 7.093800000000002326e-01
8.000000000000007105e-01 2.962962962962965418e-03 1.695656356727311520e+00 7.038900000000002377e-01
4.700000000000001066e+00 1.709090909090909410e-02 1.701368083446936019e+00 5.616900000000001336e-01
2.050000000000000000e+01 7.321428571428571785e-02 1.745206810445251833e+00 5.724900000000000544e-01
2.089999999999999858e+01 7.333333333333333370e-02 1.730994373320674962e+00 5.589900000000002089e-01
2.139999999999999503e+01 7.379310344827584578e-02 1.717296218484569703e+00 5.607900000000002327e-01
1.729999999999999716e+01 5.864406779661016089e-02 1.709292110021006117e+00 6.201900000000002411e-01
1.069999999999999574e+01 3.566666666666665209e-02 1.708496772669536590e+00 6.588900000000003088e-01
1.369999999999999751e+01 4.491803278688524109e-02 1.701912735863531534e+00 7.326900000000002855e-01
5.499999999999998224e+00 1.774193548387096100e-02 1.706129764148197170e+00 7.821900000000001629e-01
-3.552713678800500929e-15 -1.127845612317619342e-17 1.701092086194714303e+00 7.821900000000001629e-01
0.000000000000000000e+00 0.000000000000000000e+00 1.687749981484224282e+00 7.272900000000002141e-01
5.500000000000000000e+00 1.692307692307692263e-02 1.692514672657157160e+00 6.885900000000001464e-01
9.800000000000002487e+00 2.969696969696970432e-02 1.698474332949363896e+00 6.921900000000001940e-01
6.000000000000000000e+00 1.791044776119403090e-02 1.690987998151034732e+00 7.218900000000002537e-01
5.500000000000000000e+00 1.617647058823529563e-02 1.688125508830434551e+00 7.218900000000002537e-01
7.105427357601001859e-15 2.059544161623478825e-17 1.688649232932659006e+00 7.218900000000002537e-01
7.105427357601001859e-15 2.030122102171714815e-17 1.676544064437317516e+00 7.227900000000002656e-01
1.000000000000049738e-01 2.816901408450844238e-04 1.664703984878507459e+00 7.182900000000002061e-01
2.000000000000046185e-01 5.555555555555683487e-04 1.653262673967994312e+00 7.182900000000002061e-01
5.329070518200751394e-15 1.460019320055000239e-17 1.641933374251054012e+00 7.191900000000002180e-01
0.000000000000000000e+00 0.000000000000000000e+00 1.630818066973617864e+00 7.200900000000002299e-01
0.000000000000000000e+00 0.000000000000000000e+00 1.619925924232339609e+00 7.200900000000002299e-01
0.000000000000000000e+00 0.000000000000000000e+00 1.609233227020672841e+00 7.200900000000002299e-01
-3.108624468950438313e-15 -8.074349270001138084e-18 1.598749511336907458e+00 7.200900000000002299e-01
-3.108624468950438313e-15 -7.970831971667789962e-18 1.588468057352985907e+00 7.182900000000002061e-01
1.999999999999961808e-01 5.063291139240410146e-04 1.578414441360100895e+00 6.993900000000001782e-01
2.300000000000000711e+00 5.750000000000001638e-03 1.572304657978217612e+00 6.282900000000001262e-01
1.019999999999999929e+01 2.518518518518518198e-02 1.578750178527392523e+00 6.399900000000000588e-01
1.109999999999999964e+01 2.707317073170731683e-02 1.569643029019172520e+00 6.579900000000000748e-01
1.019999999999999929e+01 2.457831325301204628e-02 1.564615739580083931e+00 6.444900000000000073e-01
1.170000000000000107e+01 2.785714285714285809e-02 1.559459667892155732e+00 6.210900000000000309e-01
1.430000000000000249e+01 3.364705882352941879e-02 1.552174070786121796e+00 6.345899999999999874e-01
1.450000000000000178e+01 3.372093023255814254e-02 1.544849692780127848e+00 6.165899999999999714e-01
1.220000000000000107e+01 2.804597701149425665e-02 1.543021248265479262e+00 6.129899999999999238e-01
5.500000000000005329e+00 1.250000000000001284e-02 1.548255066195489693e+00 6.129899999999999238e-01
7.105427357601001859e-15 1.596725248899101682e-17 1.545155531970011209e+00 6.129899999999999238e-01
-5.329070518200751394e-15 -1.184237892933500386e-17 1.536547356178057377e+00 6.138899999999999357e-01
-5.329070518200751394e-15 -1.171224289714450855e-17 1.528095848785973043e+00 6.138899999999999357e-01
-5.329070518200751394e-15 -1.158493590913206762e-17 1.519768288974971737e+00 6.138899999999999357e-01
-7.105427357601001859e-15 -1.528048894107742334e-17 1.511575408325288805e+00 6.138899999999999357e-01
-7.105427357601001859e-15 -1.511793054808723825e-17 1.503513615332219722e+00 6.138899999999999357e-01
-7.105427357601001859e-15 -1.495879443705474042e-17 1.495579451161603179e+00 6.138899999999999357e-01
8.881784197001252323e-16 1.850371707708594208e-18 1.487769583414492836e+00 6.138899999999999357e-01
8.881784197001252323e-16 1.831295710721907738e-18 1.480080800246301287e+00 6.138899999999999357e-01
1.776356839400250465e-15 3.625218039592348214e-18 1.472510004816848239e+00 6.228899999999999437e-01
1.000000000000001776e+00 2.020202020202023670e-03 1.465742118924006965e+00 5.256899999999998796e-01
1.180000000000000249e+01 2.360000000000000639e-02 1.478500267162640602e+00 4.644899999999999585e-01
1.860000000000000142e+01 3.683168316831683664e-02 1.478502674934426997e+00 4.446899999999999187e-01
2.080000000000000426e+01 4.078431372549020523e-02 1.472926715876311299e+00 5.656499999999998751e-01
7.500000000000006217e+00 1.456310679611651747e-02 1.503988726911783091e+00 5.719499999999998474e-01
7.000000000000072831e-01 1.346153846153860193e-03 1.513737769239992481e+00 5.684399999999999453e-01
2.700000000000007283e+00 5.142857142857156470e-03 1.507540484672027059e+00 5.648399999999998977e-01
3.100000000000004530e+00 5.849056603773593668e-03 1.504629251597635609e+00 5.000400000000000400e-01
1.030000000000000426e+01 1.925233644859813964e-02 1.505449106111751645e+00 5.126400000000000956e-01
8.900000000000005684e+00 1.648148148148149278e-02 1.504932208892070911e+00 3.875400000000001621e-01
2.280000000000000071e+01 4.183486238532110185e-02 1.524591186074540250e+00 3.434400000000001896e-01
2.769999999999999929e+01 5.036363636363636043e-02 1.521634842871745663e+00 3.434400000000001896e-01
2.060000000000000142e+01 3.711711711711711964e-02 1.524452574844572750e+00 3.434400000000001896e-01
4.600000000000001421e+00 8.214285714285717369e-03 1.548491324694155846e+00 3.434400000000001896e-01
3.552713678800500929e-15 6.287988812036284743e-18 1.547318548413831429e+00 3.434400000000001896e-01
0.000000000000000000e+00 0.000000000000000000e+00 1.540517115275302773e+00 3.434400000000001896e-01
0.000000000000000000e+00 0.000000000000000000e+00 1.533804590467485296e+00 3.434400000000001896e-01
0.000000000000000000e+00 0.000000000000000000e+00 1.527179053702926392e+00 3.434400000000001896e-01
0.000000000000000000e+00 0.000000000000000000e+00 1.520638642262480467e+00 3.434400000000001896e-01
0.000000000000000000e+00 0.000000000000000000e+00 1.514181548795211052e+00 3.434400000000001896e-01
0.000000000000000000e+00 0.000000000000000000e+00 0.000000000000000000e+00 9.000000000000000222e-01
0.000000000000000000e+00 0.000000000000000000e+00 1.632993161855451902e-01 9.000000000000000222e-01
0.000000000000000000e+00 0.000000000000000000e+00 1.333333333333333315e-01 9.000000000000000222e-01
0.000000000000000000e+00 0.000000000000000000e+00 1.154700538379251629e-01 8.981999999999999984e-01
0.000000000000000000e+00 0.000000000000000000e+00 1.125462867742275525e-01 8.981999999999999984e-01
0.000000000000000000e+00 0.000000000000000000e+00 1.027402333828162789e-01 8.981999999999999984e-01
0.000000000000000000e+00 0.000000000000000000e+00 9.511897312113418157e-02 8.729999999999999982e-01
2.799999999999999822e+00 5.833333333333332732e-02 3.575572992154156249e-01 8.279999999999999583e-01
6.400000000000000355e+00 1.185185185185185230e-01 5.725427605166510947e-01 7.739999999999999103e-01
1.240000000000000036e+01 2.066666666666666652e-01 7.098982712724094535e-01 6.794999999999998819e-01
1.819999999999999929e+01 2.757575757575757569e-01 1.029277564540707290e+00 8.216999999999998749e-01
3.100000000000000533e+00 4.305555555555556219e-02 1.389027076458843712e+00 7.523999999999999577e-01
6.500000000000000000e+00 8.333333333333332871e-02 1.476692133831442266e+00 7.523999999999999577e-01
-2.775557561562891351e-17 -3.304235192336775235e-19 1.472687856882619828e+00 7.542900000000000160e-01
7.216449660063517513e-16 8.018277400070574261e-18 1.423298204094200825e+00 7.469999999999999973e-01
2.699999999999999734e+00 2.812499999999999722e-02 1.405102541112806636e+00 6.165000000000000480e-01
1.719999999999999929e+01 1.686274509803921406e-01 1.561420946129245868e+00 6.290999999999999925e-01
6.799999999999998046e+00 6.296296296296294281e-02 1.630246095521038496e+00 6.506999999999999451e-01
5.899999999999998579e+00 5.175438596491226811e-02 1.609305857561736941e+00 6.390000000000000124e-01
7.199999999999999289e+00 5.999999999999999084e-02 1.576197957110717640e+00 5.904000000000001469e-01
1.259999999999999787e+01 9.999999999999997780e-02 1.559151173219704534e+00 6.354000000000000759e-01
7.600000000000003197e+00 5.757575757575759956e-02 1.539338760643142345e+00 6.966000000000001080e-01
8.000000000000007105e-01 5.797101449275367593e-03 1.527941122810105856e+00 7.056900000000001505e-01
-8.881784197001252323e-16 -6.167905692361980438e-18 1.497312407096276221e+00 5.697900000000001297e-01
1.509999999999999787e+01 1.006666666666666543e-01 1.572534966931489864e+00 5.409900000000001929e-01
1.800000000000000000e+01 1.153846153846153910e-01 1.546424902889284914e+00 4.824900000000002520e-01
2.450000000000000355e+01 1.512345679012346011e-01 1.533664926074703949e+00 5.031000000000002137e-01
2.270000000000000284e+01 1.351190476190476386e-01 1.511430254559929409e+00 5.031000000000002137e-01
1.700000000000000355e+01 9.770114942528737578e-02 1.502371842144162528e+00 4.968000000000001859e-01
1.440000000000000391e+01 8.000000000000001554e-02 1.496603562144037669e+00 5.769000000000001904e-01
5.500000000000000000e+00 2.956989247311828106e-02 1.513571873089452957e+00 6.255000000000000560e-01
9.999999999999831246e-02 5.208333333333245441e-04 1.502168481029776181e+00 4.823999999999999955e-01
1.589999999999999858e+01 8.030303030303029277e-02 1.608740617010430363e+00 4.329000000000000070e-01
1.900000000000000000e+01 9.313725490196078649e-02 1.610337913870056870e+00 3.896999999999999909e-01
2.379999999999999716e+01 1.133333333333333137e-01 1.695431770638054392e+00 4.501799999999999691e-01
1.889999999999999858e+01 8.749999999999999445e-02 1.711042905386674917e+00 4.830299999999999594e-01
1.559999999999999787e+01 7.027027027027026029e-02 1.693607195414387201e+00 4.470299999999999829e-01
1.959999999999999432e+01 8.596491228070173019e-02 1.675775661878489808e+00 4.155299999999999550e-01
2.309999999999999432e+01 9.871794871794870030e-02 1.667473670501155247e+00 6.234299999999999287e-01
-1.776356839400250465e-15 -7.401486830834376833e-18 1.766352173265569370e+00 6.234299999999999287e-01
-1.776356839400250465e-15 -7.220962761789636799e-18 1.744678319640726727e+00 6.234299999999999287e-01
-3.552713678800500929e-15 -1.409807015397024100e-17 1.723783214742669267e+00 5.550299999999999123e-01
7.600000000000000533e+00 2.945736434108527438e-02 1.719153527999568665e+00 5.451299999999998924e-01
5.500000000000000000e+00 2.083333333333333218e-02 1.704289837735970758e+00 5.874299999999997857e-01
8.000000000000007105e-01 2.962962962962965418e-03 1.695656356727311520e+00 5.001299999999997414e-01
9.699999999999999289e+00 3.514492753623188470e-02 1.724471242425495099e+00 4.101299999999997170e-01
1.969999999999999929e+01 6.985815602836879801e-02 1.739786603778980201e+00 3.858299999999997287e-01
2.239999999999999503e+01 7.777777777777776513e-02 1.722499977602178545e+00 3.840299999999997604e-01
1.929999999999999716e+01 6.564625850340134738e-02 1.707967550563686210e+00 3.840299999999997604e-01
1.069999999999999574e+01 3.566666666666665209e-02 1.708496772669536590e+00 3.967199999999997395e-01
1.229999999999999893e+01 4.019607843137254499e-02 1.701129563442657977e+00 4.894199999999996886e-01
1.999999999999996447e+00 6.410256410256398758e-03 1.707062234575915660e+00 5.074199999999996491e-01
-3.552713678800500929e-15 -1.117205559371226767e-17 1.693049052549754796e+00 4.525199999999996447e-01
6.100000000000001421e+00 1.882716049382716569e-02 1.694776974949170789e+00 4.192199999999996485e-01
9.800000000000002487e+00 2.969696969696970432e-02 1.698474332949363896e+00 4.336199999999996169e-01
7.200000000000002842e+00 2.142857142857143571e-02 1.689697171274262777e+00 4.975199999999995737e-01
1.000000000000014211e-01 2.923976608187176299e-04 1.696030772816302878e+00 4.984199999999995856e-01
7.105427357601001859e-15 2.041789470575000506e-17 1.681354817695689619e+00 4.984199999999995856e-01
5.329070518200751394e-15 1.505387152034110558e-17 1.667045154764140946e+00 5.003999999999996229e-01
2.000000000000046185e-01 5.555555555555683487e-04 1.653262673967994312e+00 5.021999999999996467e-01
5.329070518200751394e-15 1.456030196229713571e-17 1.639688761616873824e+00 5.025599999999996736e-01
9.999999999999964473e-02 2.688172043010742928e-04 1.626436480979826626e+00 5.034599999999996855e-01
0.000000000000000000e+00 0.000000000000000000e+00 1.613484841370792955e+00 5.034599999999996855e-01
-3.108624468950438313e-15 -8.095376221225100288e-18 1.600829862914856960e+00 5.034599999999996855e-01
-3.108624468950438313e-15 -7.970831971667789962e-18 1.588468057352985907e+00 5.178599999999997650e-01
1.599999999999994760e+00 4.040404040404027390e-03 1.577984214175064404e+00 4.539599999999998081e-01
7.800000000000000711e+00 1.940298507462686825e-02 1.580547685726932050e+00 4.872599999999998599e-01
1.090000000000000036e+01 2.671568627450980615e-02 1.573227916110202740e+00 4.791599999999998638e-01
8.599999999999999645e+00 2.077294685990338161e-02 1.564584920226914866e+00 4.512599999999998834e-01
1.170000000000000107e+01 2.785714285714285809e-02 1.559459667892155732e+00 4.242599999999998595e-01
1.470000000000000107e+01 3.450704225352112936e-02 1.550452566429727508e+00 4.143599999999998396e-01
1.110000000000000142e+01 2.569444444444444683e-02 1.546295447299611769e+00 4.458599999999998120e-01
7.600000000000001421e+00 1.735159817351598563e-02 1.547016666321485046e+00 5.113799999999997237e-01
6.000000000000049738e-01 1.351351351351362485e-03 1.546631903822495380e+00 5.113799999999997237e-01
-5.329070518200751394e-15 -1.184237892933500386e-17 1.536547356178057377e+00 5.120099999999997431e-01
-5.329070518200751394e-15 -1.168655815394901557e-17 1.526419385474017565e+00 5.120099999999997431e-01
-5.329070518200751394e-15 -1.153478467143019858e-17 1.516475179387044792e+00 5.120099999999997431e-01
-7.105427357601001859e-15 -1.518253708889103114e-17 1.506722826273523719e+00 5.120099999999997431e-01
-7.105427357601001859e-15 -1.499035307510759760e-17 1.497156235417314463e+00 5.120099999999997431e-01
8.881784197001252323e-16 1.850371707708594208e-18 1.487769583414492836e+00 5.120099999999997431e-01
8.881784197001252323e-16 1.827527612551698164e-18 1.478557299276155312e+00 5.120099999999997431e-01
1.776356839400250465e-15 3.610481380894818400e-18 1.469514050533524907e+00 4.202099999999997504e-01
1.020000000000000107e+01 2.048192771084337421e-02 1.480523545421988496e+00 3.518099999999997340e-01
1.780000000000000426e+01 3.531746031746032383e-02 1.479577474278906957e+00 3.248099999999997101e-01
2.080000000000000426e+01 4.078431372549020523e-02 1.472926715876311299e+00 4.859099999999996755e-01
2.900000000000006573e+00 5.620155038759702855e-03 1.516174872273876373e+00 5.066099999999996717e-01
2.300000000000006928e+00 4.406130268199246955e-03 1.511653243487009135e+00 5.210099999999996401e-01
7.000000000000046185e-01 1.325757575757584511e-03 1.505664224692333297e+00 4.400099999999996236e-01
9.700000000000002842e+00 1.816479400749064152e-02 1.506648065182639273e+00 4.472099999999995523e-01
8.900000000000005684e+00 1.648148148148149278e-02 1.504932208892070911e+00 3.014099999999996227e-01
2.510000000000000142e+01 4.597069597069597391e-02 1.526251444444442384e+00 3.248099999999995990e-01
2.730000000000000071e+01 4.945652173913043376e-02 1.518962172485863293e+00 3.248099999999995990e-01
1.130000000000000071e+01 2.025089605734767262e-02 1.537780580147378506e+00 3.248099999999995990e-01
3.552713678800500929e-15 6.299137728369682346e-18 1.548689677214921234e+00 3.248099999999995990e-01
0.000000000000000000e+00 0.000000000000000000e+00 1.540517115275302773e+00 3.248099999999995990e-01
0.000000000000000000e+00 0.000000000000000000e+00 1.532472584492858836e+00 3.248099999999995990e-01
0.000000000000000000e+00 0.000000000000000000e+00 1.524552776516733044e+00 3.248099999999995990e-01
0.000000000000000000e+00 0.000000000000000000e+00 1.516754501456011761e+00 3.248099999999995990e-01
2.999999999999999889e-01 4.285714285714285754e-02 1.049781318335647612e-01 8.945999999999999508e-01
0.000000000000000000e+00 0.000000000000000000e+00 1.511857892036908846e-01 8.945999999999999508e-01
0.000000000000000000e+00 0.000000000000000000e+00 1.234426799696735216e-01 8.927999999999999270e-01
2.000000000000000111e-01 7.142857142857143501e-03 1.099628879881475035e-01 8.945999999999999508e-01
0.000000000000000000e+00 0.000000000000000000e+00 1.041976144503455326e-01 8.945999999999999508e-01
0.000000000000000000e+00 0.000000000000000000e+00 9.511897312113418157e-02 8.441999999999999504e-01
5.599999999999999645e+00 1.142857142857142821e-01 5.248906591678238476e-01 7.964999999999998748e-01
9.500000000000000000e+00 1.696428571428571508e-01 6.253340943782265127e-01 6.929999999999998384e-01
2.100000000000000000e+01 3.333333333333333148e-01 8.965542503437946564e-01 8.594999999999998197e-01
2.500000000000000000e+00 3.571428571428571230e-02 1.403061521335775552e+00 7.964999999999999858e-01
9.500000000000000000e+00 1.233766233766233761e-01 1.443561262259102085e+00 7.964999999999999858e-01
-2.775557561562891351e-17 -3.304235192336775235e-19 1.472687856882619828e+00 7.937999999999999501e-01
7.216449660063517513e-16 7.930164461608260563e-18 1.415456281033251607e+00 6.821999999999999176e-01
1.240000000000000036e+01 1.265306122448979498e-01 1.552519415265772418e+00 7.164000000000000368e-01
8.599999999999997868e+00 8.190476190476188301e-02 1.624970678263278678e+00 7.299000000000001043e-01
7.099999999999997868e+00 6.339285714285712581e-02 1.620735918369132778e+00 7.290000000000000924e-01
5.499999999999998224e+00 4.621848739495797165e-02 1.575590587736045434e+00 6.651000000000002466e-01
1.259999999999999787e+01 9.999999999999997780e-02 1.559151173219704534e+00 6.651000000000002466e-01
6.100000000000001421e+00 4.586466165413535107e-02 1.539432142067131526e+00 7.164000000000002588e-01
4.000000000000021316e-01 2.857142857142872319e-03 1.518361092811346014e+00 6.282000000000003137e-01
1.019999999999999929e+01 6.938775510204081565e-02 1.572623452424440904e+00 6.903000000000003578e-01
1.680000000000000071e+01 1.090909090909090995e-01 1.555399628623637565e+00 7.560000000000003384e-01
2.410000000000000497e+01 1.496894409937888637e-01 1.538294781643012143e+00 7.659000000000002473e-01
2.270000000000000284e+01 1.351190476190476386e-01 1.511430254559929409e+00 8.451000000000001844e-01
1.390000000000000213e+01 7.942857142857144559e-02 1.517339669773840605e+00 8.514000000000001567e-01
1.420000000000000284e+01 7.802197802197803622e-02 1.488512953488742685e+00 8.514000000000001567e-01
1.300000000000000044e+00 6.878306878306878445e-03 1.513084131291246859e+00 8.163000000000001366e-01
3.899999999999997691e+00 1.989795918367345817e-02 1.501075121437936755e+00 6.669000000000002704e-01
2.050000000000000000e+01 1.009852216748768489e-01 1.610403068836052887e+00 6.372000000000002107e-01
2.379999999999999716e+01 1.133333333333333137e-01 1.695431770638054392e+00 6.966000000000002190e-01
1.929999999999999716e+01 8.894009216589859879e-02 1.707227056433180845e+00 7.294500000000002649e-01
1.599999999999999467e+01 7.142857142857141073e-02 1.686179566538583252e+00 6.520500000000003515e-01
2.459999999999999787e+01 1.064935064935064873e-01 1.675130362233732129e+00 6.556500000000002881e-01
9.199999999999992184e+00 3.865546218487391633e-02 1.718344388042031268e+00 6.556500000000002881e-01
-1.776356839400250465e-15 -7.250436079184696428e-18 1.748235261803240403e+00 6.556500000000002881e-01
-3.552713678800500929e-15 -1.409807015397024100e-17 1.723783214742669267e+00 5.908500000000003194e-01
7.200000000000001066e+00 2.779922779922780474e-02 1.716038183868183076e+00 6.250500000000002165e-01
3.400000000000000355e+00 1.278195488721804718e-02 1.705030748905123961e+00 6.556500000000001771e-01
0.000000000000000000e+00 0.000000000000000000e+00 1.686685633100734272e+00 4.711500000000000687e-01
2.050000000000000000e+01 7.321428571428571785e-02 1.745206810445251833e+00 4.909500000000000530e-01
2.189999999999999858e+01 7.630662020905923382e-02 1.725317609519835260e+00 4.846500000000000807e-01
1.929999999999999716e+01 6.564625850340134738e-02 1.707967550563686210e+00 5.665499999999999980e-01
1.019999999999999574e+01 3.388704318936875542e-02 1.705934874064578333e+00 5.278499999999999304e-01
8.599999999999997868e+00 2.792207792207791403e-02 1.702385520809142960e+00 6.052499999999998437e-01
-3.552713678800500929e-15 -1.127845612317619342e-17 1.701092086194714303e+00 6.052499999999998437e-01
0.000000000000000000e+00 0.000000000000000000e+00 1.682500357627346510e+00 4.972499999999998588e-01
9.100000000000001421e+00 2.765957446808511161e-02 1.700650955177016810e+00 4.765499999999998626e-01
7.200000000000002842e+00 2.142857142857143571e-02 1.689697171274262777e+00 5.413499999999997758e-01
3.552713678800500929e-15 1.035776582740670808e-17 1.693565252745261818e+00 5.413499999999997758e-01
7.105427357601001859e-15 2.030122102171714815e-17 1.676544064437317516e+00 5.458499999999998353e-01
5.000000000000053291e-01 1.400560224089650828e-03 1.660101326359688878e+00 5.449499999999998234e-01
5.329070518200751394e-15 1.464030362143063607e-17 1.644187230321306314e+00 5.467499999999998472e-01
9.999999999999964473e-02 2.695417789757402894e-04 1.628626968755586768e+00 5.476499999999998591e-01
0.000000000000000000e+00 0.000000000000000000e+00 1.613484841370792955e+00 5.476499999999998591e-01
-3.108624468950438313e-15 -8.074349270001138084e-18 1.598749511336907458e+00 5.476499999999998591e-01
-3.108624468950438313e-15 -7.930164461608260563e-18 1.584410661052601865e+00 5.206499999999998352e-01
2.099999999999994760e+00 5.263157894736828976e-03 1.574243620238209740e+00 4.486499999999998267e-01
1.010000000000000142e+01 2.487684729064039771e-02 1.576816915757384807e+00 4.657499999999997753e-01
8.199999999999999289e+00 1.985472154963680361e-02 1.566366526428898176e+00 4.198499999999997789e-01
1.170000000000000107e+01 2.785714285714285809e-02 1.559459667892155732e+00 3.883499999999997510e-01
1.510000000000000142e+01 3.536299765807962570e-02 1.548736751023363833e+00 4.233599999999997920e-01
1.310000000000000142e+01 3.018433179723502627e-02 1.544153971195591613e+00 5.115599999999997927e-01
3.300000000000004263e+00 7.482993197278920913e-03 1.550075198323961123e+00 5.412599999999997413e-01
-5.329070518200751394e-15 -1.189524669241239084e-17 1.539973330010249608e+00 5.403599999999997294e-01
-5.329070518200751394e-15 -1.171224289714450855e-17 1.528095848785973043e+00 5.403599999999997294e-01
-5.329070518200751394e-15 -1.153478467143019858e-17 1.516475179387044792e+00 5.403599999999997294e-01
-7.105427357601001859e-15 -1.515016494157996103e-17 1.505115654801436831e+00 5.403599999999997294e-01
-7.105427357601001859e-15 -1.492736839832143183e-17 1.494007638377197633e+00 5.403599999999997294e-01
8.881784197001252323e-16 1.838878715735249061e-18 1.483141984075542430e+00 5.403599999999997294e-01
1.776356839400250465e-15 3.625218039592348214e-18 1.472510004816848239e+00 4.737599999999996814e-01
7.400000000000003020e+00 1.488933601609658541e-02 1.476747894493269264e+00 3.801599999999996649e-01
1.780000000000000426e+01 3.531746031746032383e-02 1.479577474278906957e+00 4.134599999999996056e-01
2.100000000000000000e+01 4.109589041095890183e-02 1.471501613533881869e+00 6.024599999999995514e-01
7.105427357601001859e-15 1.371704123088996530e-17 1.516473250568937559e+00 5.781599999999995632e-01
2.700000000000007283e+00 5.142857142857156470e-03 1.507540484672027059e+00 5.547599999999995868e-01
5.300000000000004263e+00 9.962406015037601412e-03 1.503402906521924987e+00 5.097599999999996578e-01
6.800000000000005151e+00 1.261595547309833990e-02 1.503646903434860516e+00 3.450599999999997003e-01
2.510000000000000142e+01 4.597069597069597391e-02 1.526251444444442384e+00 3.396599999999996844e-01
2.569999999999999929e+01 4.647377938517179008e-02 1.519205336118452321e+00 3.396599999999996844e-01
4.600000000000001421e+00 8.214285714285717369e-03 1.548491324694155846e+00 3.396599999999996844e-01
3.552713678800500929e-15 6.265808957320107111e-18 1.544587180797151627e+00 3.396599999999996844e-01
0.000000000000000000e+00 0.000000000000000000e+00 1.535140075779669155e+00 3.396599999999996844e-01
0.000000000000000000e+00 0.000000000000000000e+00 1.525864220007852490e+00 3.396599999999996844e-01
0.000000000000000000e+00 0.000000000000000000e+00 1.516754501456011761e+00 3.396599999999996844e-01
0.000000000000000000e+00 0.000000000000000000e+00 1.499999999999999944e-01 9.000000000000000222e-01
0.000000000000000000e+00 0.000000000000000000e+00 1.414213562373095034e-01 9.000000000000000222e-01
0.000000000000000000e+00 0.000000000000000000e+00 1.154700538379251629e-01 8.981999999999999984e-01
0.000000000000000000e+00 0.000000000000000000e+00 1.089724735885168327e-01 8.981999999999999984e-01
0.000000000000000000e+00 0.000000000000000000e+00 9.746794344808963617e-02 8.729999999999999982e-01
2.799999999999999822e+00 5.833333333333332732e-02 3.575572992154156249e-01 8.000999999999999224e-01
9.500000000000000000e+00 1.696428571428571508e-01 6.253340943782265127e-01 6.713999999999998858e-01
2.289999999999999858e+01 3.578124999999999778e-01 9.104951756290363685e-01 8.558999999999998831e-01
3.100000000000000533e+00 4.305555555555556219e-02 1.389027076458843712e+00 8.604000000000000536e-01
2.600000000000000089e+00 3.250000000000000111e-02 1.495808727745629785e+00 8.631000000000000894e-01
3.000000000000007105e-01 3.409090909090917165e-03 1.439179758785946062e+00 8.415000000000001368e-01
2.699999999999999734e+00 2.812499999999999722e-02 1.405102541112806636e+00 7.092000000000001636e-01
1.119999999999999751e+01 1.076923076923076705e-01 1.611240104564249265e+00 6.750000000000002665e-01
7.099999999999997868e+00 6.339285714285712581e-02 1.620735918369132778e+00 6.741000000000003656e-01
7.199999999999999289e+00 5.999999999999999084e-02 1.576197957110717640e+00 6.255000000000005000e-01
1.060000000000000142e+01 8.281250000000001110e-02 1.555389288841783735e+00 6.975000000000004530e-01
2.600000000000001421e+00 1.911764705882354129e-02 1.532803789383169857e+00 7.002000000000004887e-01
-8.881784197001252323e-16 -6.167905692361980438e-18 1.497312407096276221e+00 5.544000000000004480e-01
1.589999999999999858e+01 1.046052631578947290e-01 1.564589185015362371e+00 4.842000000000005744e-01
2.370000000000000284e+01 1.481250000000000067e-01 1.542966780062033694e+00 4.707000000000006179e-01
2.270000000000000284e+01 1.351190476190476386e-01 1.511430254559929409e+00 5.481000000000005867e-01
1.410000000000000320e+01 8.011363636363638685e-02 1.513050045977406333e+00 5.436000000000006382e-01
1.150000000000000000e+01 6.250000000000000000e-02 1.488235112473832222e+00 6.462000000000005517e-01
9.999999999999831246e-02 5.208333333333245441e-04 1.502168481029776181e+00 4.608000000000004315e-01
2.069999999999999929e+01 1.034999999999999948e-01 1.620320261553252150e+00 5.130000000000004556e-01
1.489999999999999858e+01 7.163461538461537992e-02 1.648517172034942080e+00 4.770000000000004792e-01
1.889999999999999858e+01 8.749999999999999445e-02 1.711042905386674917e+00 5.031000000000005468e-01
1.599999999999999467e+01 7.142857142857141073e-02 1.686179566538583252e+00 4.221000000000005858e-01
2.499999999999999289e+01 1.077586206896551380e-01 1.671626858939856852e+00 6.471000000000004526e-01
-1.776356839400250465e-15 -7.401486830834376833e-18 1.766352173265569370e+00 6.471000000000004526e-01
-1.776356839400250465e-15 -7.162729191130041997e-18 1.737629085481040558e+00 5.895000000000004681e-01
6.400000000000002132e+00 2.500000000000000833e-02 1.725022644778902547e+00 6.120900000000004670e-01
5.500000000000000000e+00 2.083333333333333218e-02 1.704289837735970758e+00 6.084900000000004194e-01
0.000000000000000000e+00 0.000000000000000000e+00 1.689783313640782714e+00 4.239900000000003666e-01
2.050000000000000000e+01 7.321428571428571785e-02 1.745206810445251833e+00 3.996900000000003783e-01
2.239999999999999503e+01 7.777777777777776513e-02 1.722499977602178545e+00 4.486500000000003263e-01
1.709999999999999787e+01 5.777027027027026307e-02 1.706468346467206354e+00 5.087700000000001666e-01
1.279999999999999893e+01 4.210526315789473589e-02 1.704001726424157370e+00 6.059700000000002307e-01
1.999999999999996447e+00 6.410256410256398758e-03 1.707062234575915660e+00 6.059700000000002307e-01
0.000000000000000000e+00 0.000000000000000000e+00 1.687749981484224282e+00 5.510700000000001708e-01
6.100000000000001421e+00 1.859756097560975874e-02 1.695291681930669814e+00 5.033700000000000951e-01
7.200000000000002842e+00 2.142857142857143571e-02 1.689697171274262777e+00 5.681700000000001749e-01
7.105427357601001859e-15 2.065531208604942372e-17 1.691101883801017225e+00 5.681700000000001749e-01
5.329070518200751394e-15 1.513940488125213352e-17 1.671774370378534602e+00 5.627700000000001035e-01
2.000000000000046185e-01 5.555555555555683487e-04 1.653262673967994312e+00 5.652000000000001467e-01
0.000000000000000000e+00 0.000000000000000000e+00 1.635243632958231386e+00 5.652000000000001467e-01
0.000000000000000000e+00 0.000000000000000000e+00 1.617770333225278856e+00 5.652000000000001467e-01
-3.108624468950438313e-15 -8.095376221225100288e-18 1.600829862914856960e+00 5.652000000000001467e-01
-3.108624468950438313e-15 -7.930164461608260563e-18 1.584410661052601865e+00 5.445000000000002061e-01
2.300000000000000711e+00 5.750000000000001638e-03 1.572304657978217612e+00 4.671000000000002372e-01
1.090000000000000036e+01 2.671568627450980615e-02 1.573227916110202740e+00 4.848300000000002052e-01
1.180000000000000249e+01 2.836538461538462216e-02 1.564637221762556596e+00 5.226300000000001500e-01
1.440000000000000213e+01 3.396226415094340256e-02 1.553989800630235063e+00 5.523300000000003207e-01
1.110000000000000142e+01 2.569444444444444683e-02 1.546295447299611769e+00 5.307300000000002571e-01
5.500000000000005329e+00 1.250000000000001284e-02 1.548255066195489693e+00 5.802300000000002456e-01
-5.329070518200751394e-15 -1.189524669241239084e-17 1.539973330010249608e+00 5.808600000000002650e-01
-5.329070518200751394e-15 -1.168655815394901557e-17 1.526419385474017565e+00 5.808600000000002650e-01
-7.105427357601001859e-15 -1.531342102931250379e-17 1.513203384465756640e+00 5.808600000000002650e-01
-7.105427357601001859e-15 -1.505387152034110558e-17 1.500324823586941303e+00 5.808600000000002650e-01
8.881784197001252323e-16 1.850371707708594208e-18 1.487769583414492836e+00 5.808600000000002650e-01
8.881784197001252323e-16 1.820037745287141964e-18 1.475524358032608285e+00 5.439600000000002211e-01
4.100000000000002309e+00 8.266129032258070011e-03 1.470843041169241694e+00 4.206600000000001449e-01
1.780000000000000426e+01 3.531746031746032383e-02 1.479577474278906957e+00 4.116600000000001369e-01
1.880000000000000426e+01 3.671875000000000833e-02 1.473390069159703941e+00 5.789700000000002067e-01
7.000000000000072831e-01 1.346153846153860193e-03 1.513737769239992481e+00 5.789700000000002067e-01
7.000000000000046185e-01 1.325757575757584511e-03 1.505664224692333297e+00 4.925700000000002299e-01
1.020000000000000462e+01 1.902985074626866585e-02 1.504052917358099650e+00 3.773700000000002608e-01
1.960000000000000142e+01 3.602941176470588619e-02 1.519961434984727022e+00 3.044700000000002960e-01
2.730000000000000071e+01 4.945652173913043376e-02 1.518962172485863293e+00 5.087700000000003886e-01
4.600000000000001421e+00 8.214285714285717369e-03 1.548491324694155846e+00 5.087700000000003886e-01
0.000000000000000000e+00 0.000000000000000000e+00 1.543226910008585806e+00 5.087700000000003886e-01
0.000000000000000000e+00 0.000000000000000000e+00 1.532472584492858836e+00 5.087700000000003886e-01
0.000000000000000000e+00 0.000000000000000000e+00 1.521940002057575736e+00 5.087700000000003886e-01
2.000000000000000111e-01 2.222222222222222307e-02 1.547598697464901973e-01 8.985600000000000254e-01
0.000000000000000000e+00 0.000000000000000000e+00 1.333333333333333315e-01 8.976600000000000135e-01
1.000000000000000056e-01 3.703703703703703845e-03 1.104921028901948016e-01 8.985600000000000254e-01
0.000000000000000000e+00 0.000000000000000000e+00 1.027402333828162789e-01 8.985600000000000254e-01
0.000000000000000000e+00 0.000000000000000000e+00 9.189365834726814786e-02 8.409599999999999298e-01
6.400000000000000355e+00 1.185185185185185230e-01 5.725427605166510947e-01 7.095599999999999685e-01
2.100000000000000000e+01 3.333333333333333148e-01 8.965542503437946564e-01 8.706599999999999895e-01
3.100000000000000533e+00 4.305555555555556219e-02 1.389027076458843712e+00 8.895600000000001284e-01
1.000000000000000000e+00 1.234567901234567833e-02 1.497436716530015310e+00 8.868600000000000927e-01
7.216449660063517513e-16 8.018277400070574261e-18 1.423298204094200825e+00 7.455600000000001115e-01
1.569999999999999929e+01 1.585858585858585801e-01 1.576917470026496959e+00 8.256600000000001716e-01
6.799999999999998046e+00 6.296296296296294281e-02 1.630246095521038496e+00 8.495100000000002094e-01
5.899999999999998579e+00 5.042735042735041473e-02 1.588614616125696211e+00 7.892100000000004112e-01
1.259999999999999787e+01 9.999999999999997780e-02 1.559151173219704534e+00 7.892100000000004112e-01
3.699999999999999289e+00 2.740740740740740117e-02 1.535429949660843452e+00 8.244000000000004658e-01
-8.881784197001252323e-16 -6.167905692361980438e-18 1.497312407096276221e+00 6.804000000000004489e-01
1.600000000000000000e+01 1.045751633986928136e-01 1.559467810566669277e+00 6.039000000000005475e-01
2.450000000000000355e+01 1.512345679012346011e-01 1.533664926074703949e+00 5.976000000000005752e-01
2.110000000000000497e+01 1.233918128654971080e-01 1.500694639837909738e+00 6.623100000000007315e-01
1.440000000000000391e+01 8.000000000000001554e-02 1.496603562144037669e+00 7.802100000000007363e-01
1.300000000000000044e+00 6.878306878306878445e-03 1.513084131291246859e+00 6.488100000000005529e-01
1.589999999999999858e+01 8.030303030303029277e-02 1.608740617010430363e+00 5.993100000000006755e-01
1.119999999999999929e+01 5.410628019323671101e-02 1.633043466828097312e+00 5.300100000000006473e-01
1.889999999999999858e+01 8.749999999999999445e-02 1.711042905386674917e+00 5.489100000000005641e-01
1.679999999999999716e+01 7.466666666666665897e-02 1.683126191875635280e+00 4.922100000000005915e-01
2.309999999999999432e+01 9.871794871794870030e-02 1.667473670501155247e+00 7.001100000000005652e-01
-1.776356839400250465e-15 -7.310110450206792657e-18 1.755414902945022115e+00 7.001100000000005652e-01
-3.552713678800500929e-15 -1.409807015397024100e-17 1.723783214742669267e+00 6.416100000000005688e-01
6.500000000000000888e+00 2.490421455938697515e-02 1.709908158459213512e+00 6.929100000000004700e-01
8.000000000000007105e-01 2.962962962962965418e-03 1.695656356727311520e+00 5.210100000000003062e-01
1.910000000000000142e+01 6.845878136200717057e-02 1.746519772691217609e+00 4.841100000000003734e-01
2.239999999999999503e+01 7.777777777777776513e-02 1.722499977602178545e+00 4.859100000000003416e-01
1.669999999999999574e+01 5.622895622895621170e-02 1.703799454330138685e+00 5.255100000000001437e-01
1.229999999999999893e+01 4.019607843137254499e-02 1.701129563442657977e+00 6.362100000000001643e-01
-3.552713678800500929e-15 -1.127845612317619342e-17 1.701092086194714303e+00 5.813100000000002154e-01
6.100000000000001421e+00 1.882716049382716569e-02 1.694776974949170789e+00 5.831100000000002392e-01
5.900000000000002132e+00 1.771771771771772294e-02 1.695839694270971254e+00 6.353100000000001524e-01
1.000000000000014211e-01 2.923976608187176299e-04 1.696030772816302878e+00 6.362100000000001643e-01
7.105427357601001859e-15 2.024338278518804049e-17 1.674154121576631571e+00 6.344100000000001405e-01
2.000000000000046185e-01 5.555555555555683487e-04 1.653262673967994312e+00 6.353100000000001524e-01
0.000000000000000000e+00 0.000000000000000000e+00 1.633026352436076634e+00 6.362100000000001643e-01
0.000000000000000000e+00 0.000000000000000000e+00 1.613484841370792955e+00 6.362100000000001643e-01
-3.108624468950438313e-15 -8.032621366796997600e-18 1.594613024427687931e+00 6.218100000000001959e-01
1.599999999999994760e+00 4.040404040404027390e-03 1.577984214175064404e+00 5.444100000000001716e-01
1.019999999999999929e+01 2.518518518518518198e-02 1.578750178527392523e+00 5.291100000000001913e-01
8.599999999999999645e+00 2.077294685990338161e-02 1.564584920226914866e+00 4.832100000000002504e-01
1.370000000000000107e+01 3.238770685579196729e-02 1.555487721903675569e+00 5.066100000000002268e-01
1.110000000000000142e+01 2.569444444444444683e-02 1.546295447299611769e+00 4.850100000000002187e-01
3.300000000000004263e+00 7.482993197278920913e-03 1.550075198323961123e+00 5.147100000000001119e-01
-5.329070518200751394e-15 -1.184237892933500386e-17 1.536547356178057377e+00 5.156100000000001238e-01
-5.329070518200751394e-15 -1.161017542091667006e-17 1.521422909267937884e+00 5.156100000000001238e-01
-7.105427357601001859e-15 -1.518253708889103114e-17 1.506722826273523719e+00 5.156100000000001238e-01
-7.105427357601001859e-15 -1.489607412494969023e-17 1.492440770994488908e+00 5.156100000000001238e-01
8.881784197001252323e-16 1.827527612551698164e-18 1.478557299276155312e+00 5.066100000000001158e-01
1.000000000000001776e+00 2.020202020202023670e-03 1.465742118924006965e+00 3.554100000000001147e-01
1.780000000000000426e+01 3.531746031746032383e-02 1.479577474278906957e+00 3.887100000000000555e-01
1.760000000000000853e+01 3.430799220272905820e-02 1.472963740878886041e+00 5.409000000000000474e-01
2.300000000000006928e+00 4.406130268199246955e-03 1.511653243487009135e+00 5.264999999999999680e-01
3.900000000000004352e+00 7.344632768361589875e-03 1.503606058374348242e+00 4.814999999999999281e-01
8.900000000000005684e+00 1.648148148148149278e-02 1.504932208892070911e+00 3.159000000000000141e-01
2.730000000000000071e+01 4.972677595628415687e-02 1.522946800224490138e+00 4.598999999999999755e-01
1.130000000000000071e+01 2.025089605734767262e-02 1.537780580147378506e+00 5.615999999999999881e-01
3.552713678800500929e-15 6.265808957320107111e-18 1.544587180797151627e+00 5.615999999999999881e-01
0.000000000000000000e+00 0.000000000000000000e+00 1.532472584492858836e+00 5.615999999999999881e-01
0.000000000000000000e+00 0.000000000000000000e+00 1.520638642262480467e+00 5.615999999999999881e-01
2.999999999999999889e-01 2.999999999999999889e-02 1.486606874731850325e-01 9.000000000000000222e-01
0.000000000000000000e+00 0.000000000000000000e+00 1.264911064067351654e-01 8.981999999999999984e-01
0.000000000000000000e+00 0.000000000000000000e+00 1.125462867742275525e-01 8.981999999999999984e-01
0.000000000000000000e+00 0.000000000000000000e+00 9.746794344808963617e-02 8.351999999999999424e-01
7.000000000000000000e+00 1.400000000000000133e-01 5.499090833947007928e-01 7.865999999999998549e-01
1.240000000000000036e+01 2.066666666666666652e-01 7.098982712724094535e-01 8.756999999999998119e-01
2.500000000000000000e+00 3.571428571428571230e-02 1.403061521335775552e+00 8.748000000000000220e-01
2.600000000000000089e+00 3.250000000000000111e-02 1.495808727745629785e+00 8.775000000000000577e-01
7.216449660063517513e-16 8.018277400070574261e-18 1.423298204094200825e+00 7.209000000000000963e-01
1.739999999999999858e+01 1.739999999999999880e-01 1.576491040253638731e+00 8.343000000000001526e-01
4.799999999999998046e+00 4.363636363636361898e-02 1.628358195613956561e+00 8.127000000000003110e-01
7.199999999999999289e+00 5.999999999999999084e-02 1.576197957110717640e+00 7.641000000000004455e-01
9.400000000000003908e+00 7.230769230769233669e-02 1.545714441963545349e+00 7.668000000000004812e-01
4.000000000000021316e-01 2.857142857142872319e-03 1.518361092811346014e+00 6.345000000000005080e-01
1.509999999999999787e+01 1.006666666666666543e-01 1.572534966931489864e+00 5.571000000000005947e-01
2.370000000000000284e+01 1.481250000000000067e-01 1.542966780062033694e+00 5.706000000000005512e-01
2.160000000000000497e+01 1.270588235294118074e-01 1.504337902850139796e+00 6.398100000000006560e-01
1.440000000000000391e+01 8.000000000000001554e-02 1.496603562144037669e+00 7.622100000000006093e-01
8.000000000000000444e-01 4.210526315789473589e-03 1.509542683587783429e+00 5.759100000000005881e-01
2.069999999999999929e+01 1.034999999999999948e-01 1.620320261553252150e+00 4.562100000000006150e-01
2.379999999999999716e+01 1.133333333333333137e-01 1.695431770638054392e+00 4.283100000000006902e-01
1.750000000000000000e+01 7.954545454545454419e-02 1.698418990153991004e+00 3.572100000000007491e-01
2.349999999999999645e+01 1.021739130434782400e-01 1.677483769173701900e+00 5.687100000000006039e-01
-1.776356839400250465e-15 -7.401486830834376833e-18 1.766352173265569370e+00 5.687100000000006039e-01
-3.552713678800500929e-15 -1.421085471520200401e-17 1.730664612222714727e+00 6.371100000000006203e-01
6.600000000000000533e+00 2.538461538461538741e-02 1.713175707835352002e+00 6.987600000000006029e-01
8.000000000000007105e-01 2.962962962962965418e-03 1.695656356727311520e+00 5.214600000000004787e-01
2.050000000000000000e+01 7.321428571428571785e-02 1.745206810445251833e+00 5.133600000000005936e-01
2.139999999999999503e+01 7.379310344827584578e-02 1.717296218484569703e+00 6.109200000000005737e-01
1.069999999999999574e+01 3.566666666666665209e-02 1.708496772669536590e+00 6.577200000000004154e-01
5.499999999999998224e+00 1.774193548387096100e-02 1.706129764148197170e+00 6.577200000000004154e-01
0.000000000000000000e+00 0.000000000000000000e+00 1.687749981484224282e+00 5.695200000000003593e-01
9.800000000000002487e+00 2.969696969696970432e-02 1.698474332949363896e+00 6.082200000000003159e-01
5.500000000000000000e+00 1.617647058823529563e-02 1.688125508830434551e+00 6.577200000000003044e-01
7.105427357601001859e-15 2.030122102171714815e-17 1.676544064437317516e+00 6.597000000000003972e-01
2.000000000000046185e-01 5.555555555555683487e-04 1.653262673967994312e+00 6.621300000000004404e-01
0.000000000000000000e+00 0.000000000000000000e+00 1.630818066973617864e+00 6.621300000000004404e-01
0.000000000000000000e+00 0.000000000000000000e+00 1.609233227020672841e+00 6.621300000000004404e-01
-3.108624468950438313e-15 -7.970831971667789962e-18 1.588468057352985907e+00 6.414300000000003887e-01
2.300000000000000711e+00 5.750000000000001638e-03 1.572304657978217612e+00 5.541300000000004555e-01
1.109999999999999964e+01 2.707317073170731683e-02 1.569643029019172520e+00 5.487300000000003841e-01
1.170000000000000107e+01 2.785714285714285809e-02 1.559459667892155732e+00 5.109300000000004394e-01
1.450000000000000178e+01 3.372093023255814254e-02 1.544849692780127848e+00 5.325300000000005030e-01
5.500000000000005329e+00 1.250000000000001284e-02 1.548255066195489693e+00 5.820300000000004914e-01
-5.329070518200751394e-15 -1.184237892933500386e-17 1.536547356178057377e+00 5.826600000000005108e-01
-5.329070518200751394e-15 -1.158493590913206762e-17 1.519768288974971737e+00 5.826600000000005108e-01
-7.105427357601001859e-15 -1.511793054808723825e-17 1.503513615332219722e+00 5.826600000000005108e-01
8.881784197001252323e-16 1.850371707708594208e-18 1.487769583414492836e+00 5.826600000000005108e-01
1.776356839400250465e-15 3.625218039592348214e-18 1.472510004816848239e+00 4.764600000000003832e-01
1.180000000000000249e+01 2.360000000000000639e-02 1.478500267162640602e+00 3.909600000000004183e-01
2.080000000000000426e+01 4.078431372549020523e-02 1.472926715876311299e+00 3.828600000000004222e-01
7.000000000000072831e-01 1.346153846153860193e-03 1.513737769239992481e+00 3.946500000000004449e-01
3.100000000000004530e+00 5.849056603773593668e-03 1.504629251597635609e+00 4.783500000000004970e-01
8.900000000000005684e+00 1.648148148148149278e-02 1.504932208892070911e+00 3.091500000000005910e-01
2.769999999999999929e+01 5.036363636363636043e-02 1.521634842871745663e+00 3.091500000000005910e-01
4.600000000000001421e+00 8.214285714285717369e-03 1.548491324694155846e+00 3.091500000000005910e-01
0.000000000000000000e+00 0.000000000000000000e+00 1.540517115275302773e+00 3.091500000000005910e-01
0.000000000000000000e+00 0.000000000000000000e+00 1.527179053702926392e+00 3.091500000000005910e-01
0.000000000000000000e+00 0.000000000000000000e+00 1.705605730844883261e-01 9.000000000000000222e-01
0.000000000000000000e+00 0.000000000000000000e+00 1.206045378311054461e-01 9.000000000000000222e-01
0.000000000000000000e+00 0.000000000000000000e+00 1.073086739977319598e-01 9.000000000000000222e-01
0.000000000000000000e+00 0.000000000000000000e+00 9.293203772845851085e-02 8.189999999999999503e-01
7.599999999999999645e+00 1.381818181818181834e-01 5.854263121368468159e-01 7.235999999999999099e-01
1.819999999999999929e+01 2.757575757575757569e-01 1.029277564540707290e+00 6.452999999999999847e-01
9.500000000000000000e+00 1.233766233766233761e-01 1.443561262259102085e+00 6.425999999999999490e-01
3.000000000000007105e-01 3.409090909090917165e-03 1.439179758785946062e+00 5.040000000000000036e-01
1.569999999999999929e+01 1.585858585858585801e-01 1.576917470026496959e+00 6.020999999999999686e-01
4.799999999999998046e+00 4.363636363636361898e-02 1.628358195613956561e+00 5.562000000000001387e-01
9.899999999999998579e+00 8.181818181818180380e-02 1.587763123245148789e+00 5.769000000000001904e-01
7.600000000000003197e+00 5.757575757575759956e-02 1.539338760643142345e+00 6.471900000000002651e-01
3.552713678800500929e-15 2.484415160000350298e-17 1.502538644302494619e+00 8.010900000000003018e-01
1.680000000000000071e+01 1.090909090909090995e-01 1.555399628623637565e+00 7.308900000000003727e-01
2.460000000000000497e+01 1.490909090909091073e-01 1.521029084726528646e+00 8.266500000000003290e-01
1.410000000000000320e+01 8.011363636363638685e-02 1.513050045977406333e+00 9.000000000000000222e-01
3.700000000000000178e+00 1.978609625668449265e-02 1.515405368269829411e+00 7.568999999999999062e-01
1.589999999999999858e+01 8.030303030303029277e-02 1.608740617010430363e+00 7.217999999999999972e-01
1.979999999999999716e+01 9.473684210526314708e-02 1.677980402800738569e+00 7.424999999999998268e-01
1.750000000000000000e+01 7.954545454545454419e-02 1.698418990153991004e+00 6.785999999999998700e-01
2.459999999999999787e+01 1.064935064935064873e-01 1.675130362233732129e+00 6.749999999999999334e-01
-1.776356839400250465e-15 -7.340317518182853364e-18 1.759038054174228982e+00 6.731999999999999096e-01
1.999999999999957367e-01 7.905138339920780464e-04 1.720418923495402375e+00 6.254999999999999449e-01
5.500000000000000000e+00 2.083333333333333218e-02 1.704289837735970758e+00 5.795999999999998931e-01
4.700000000000001066e+00 1.709090909090909410e-02 1.701368083446936019e+00 4.220999999999998642e-01
2.139999999999999858e+01 7.482517482517482554e-02 1.728149037354788975e+00 4.719599999999997686e-01
1.669999999999999574e+01 5.622895622895621170e-02 1.703799454330138685e+00 5.106599999999997808e-01
8.599999999999997868e+00 2.792207792207791403e-02 1.702385520809142960e+00 5.880599999999998051e-01
-3.552713678800500929e-15 -1.113703347586363884e-17 1.690393287695097113e+00 4.998599999999998045e-01
9.800000000000002487e+00 2.969696969696970432e-02 1.698474332949363896e+00 5.888699999999997825e-01
2.500000000000000000e+00 7.331378299120235031e-03 1.693520229292011514e+00 6.113699999999997470e-01
5.329070518200751394e-15 1.513940488125213352e-17 1.671774370378534602e+00 6.059699999999996756e-01
5.329070518200751394e-15 1.468063503636570673e-17 1.646450393443915861e+00 6.059699999999996756e-01
0.000000000000000000e+00 0.000000000000000000e+00 1.622090154889128000e+00 6.059699999999996756e-01
-3.108624468950438313e-15 -8.074349270001138084e-18 1.598749511336907458e+00 5.915699999999997072e-01
1.599999999999994760e+00 4.040404040404027390e-03 1.577984214175064404e+00 5.096699999999997344e-01
1.069999999999999929e+01 2.628992628992628949e-02 1.575135966042342073e+00 4.862699999999998135e-01
1.330000000000000249e+01 3.181818181818182184e-02 1.561993893675627465e+00 4.484699999999997577e-01
1.580000000000000249e+01 3.682983682983683588e-02 1.545305009518540773e+00 5.411699999999997068e-01
5.500000000000005329e+00 1.250000000000001284e-02 1.548255066195489693e+00 5.411699999999997068e-01
-5.329070518200751394e-15 -1.181612088292849532e-17 1.534842921536785365e+00 5.420699999999997187e-01
-5.329070518200751394e-15 -1.153478467143019858e-17 1.516475179387044792e+00 5.420699999999997187e-01
-7.105427357601001859e-15 -1.502204515349049082e-17 1.498738017406743506e+00 5.420699999999997187e-01
8.881784197001252323e-16 1.835079379545713341e-18 1.481609020374875518e+00 5.330699999999997107e-01
1.000000000000001776e+00 2.020202020202023670e-03 1.465742118924006965e+00 3.656699999999996620e-01
1.960000000000000142e+01 3.873517786561265358e-02 1.477660252950545372e+00 5.468399999999995487e-01
8.000000000000069278e-01 1.547388781431348033e-03 1.517530546497546595e+00 5.477399999999995606e-01
7.000000000000046185e-01 1.325757575757584511e-03 1.505664224692333297e+00 4.928399999999995007e-01
6.800000000000005151e+00 1.261595547309833990e-02 1.503646903434860516e+00 3.047399999999995668e-01
2.769999999999999929e+01 5.036363636363636043e-02 1.521634842871745663e+00 5.387399999999995526e-01
1.700000000000002842e+00 3.030303030303035505e-03 1.551966637183929132e+00 5.540399999999995329e-01
0.000000000000000000e+00 0.000000000000000000e+00 1.537821545204483442e+00 5.540399999999995329e-01
0.000000000000000000e+00 0.000000000000000000e+00 1.523244708685572268e+00 5.540399999999995329e-01
0.000000000000000000e+00 0.000000000000000000e+00 1.632993161855451902e-01 9.000000000000000222e-01
0.000000000000000000e+00 0.000000000000000000e+00 1.154700538379251629e-01 9.000000000000000222e-01
0.000000000000000000e+00 0.000000000000000000e+00 1.027402333828162789e-01 8.748000000000000220e-01
2.799999999999999822e+00 5.833333333333332732e-02 3.575572992154156249e-01 7.883999999999998787e-01
1.240000000000000036e+01 2.066666666666666652e-01 7.098982712724094535e-01 8.720999999999998753e-01
3.100000000000000533e+00 4.305555555555556219e-02 1.389027076458843712e+00 9.000000000000000222e-01
-2.775557561562891351e-17 -3.304235192336775235e-19 1.472687856882619828e+00 8.757000000000000339e-01
2.699999999999999734e+00 2.812499999999999722e-02 1.405102541112806636e+00 8.388000000000001011e-01
6.799999999999998046e+00 6.296296296296294281e-02 1.630246095521038496e+00 8.010000000000001563e-01
7.199999999999999289e+00 5.999999999999999084e-02 1.576197957110717640e+00 7.524000000000002908e-01
7.600000000000003197e+00 5.757575757575759956e-02 1.539338760643142345e+00 7.497000000000002551e-01
-8.881784197001252323e-16 -6.167905692361980438e-18 1.497312407096276221e+00 5.877000000000003332e-01
1.800000000000000000e+01 1.153846153846153910e-01 1.546424902889284914e+00 5.454000000000003290e-01
2.270000000000000284e+01 1.351190476190476386e-01 1.511430254559929409e+00 6.245100000000003426e-01
1.440000000000000391e+01 8.000000000000001554e-02 1.496603562144037669e+00 7.532100000000002682e-01
9.999999999999831246e-02 5.208333333333245441e-04 1.502168481029776181e+00 5.831100000000003503e-01
1.900000000000000000e+01 9.313725490196078649e-02 1.610337913870056870e+00 5.840100000000002511e-01
1.889999999999999858e+01 8.749999999999999445e-02 1.711042905386674917e+00 5.777100000000002789e-01
1.959999999999999432e+01 8.596491228070173019e-02 1.675775661878489808e+00 7.541100000000002801e-01
-1.776356839400250465e-15 -7.401486830834376833e-18 1.766352173265569370e+00 7.541100000000002801e-01
-3.552713678800500929e-15 -1.409807015397024100e-17 1.723783214742669267e+00 7.046100000000002916e-01
5.500000000000000000e+00 2.083333333333333218e-02 1.704289837735970758e+00 6.668100000000001248e-01
9.699999999999999289e+00 3.514492753623188470e-02 1.724471242425495099e+00 5.453100000000002945e-01
2.239999999999999503e+01 7.777777777777776513e-02 1.722499977602178545e+00 6.506100000000001327e-01
1.069999999999999574e+01 3.566666666666665209e-02 1.708496772669536590e+00 6.119100000000000650e-01
1.999999999999996447e+00 6.410256410256398758e-03 1.707062234575915660e+00 5.570100000000001161e-01
6.100000000000001421e+00 1.882716049382716569e-02 1.694776974949170789e+00 5.471099999999999852e-01
7.200000000000002842e+00 2.142857142857143571e-02 1.689697171274262777e+00 6.119099999999999540e-01
7.105427357601001859e-15 2.041789470575000506e-17 1.681354817695689619e+00 6.173100000000000254e-01
2.000000000000046185e-01 5.555555555555683487e-04 1.653262673967994312e+00 6.155100000000000016e-01
9.999999999999964473e-02 2.688172043010742928e-04 1.626436480979826626e+00 6.164100000000000135e-01
-3.108624468950438313e-15 -8.095376221225100288e-18 1.600829862914856960e+00 6.020099999999999341e-01
1.599999999999994760e+00 4.040404040404027390e-03 1.577984214175064404e+00 5.183099999999999374e-01
1.090000000000000036e+01 2.671568627450980615e-02 1.573227916110202740e+00 5.111100000000000643e-01
1.170000000000000107e+01 2.785714285714285809e-02 1.559459667892155732e+00 5.489100000000000090e-01
1.110000000000000142e+01 2.569444444444444683e-02 1.546295447299611769e+00 6.434099999999999264e-01
6.000000000000049738e-01 1.351351351351362485e-03 1.546631903822495380e+00 6.494399999999999062e-01
-5.329070518200751394e-15 -1.168655815394901557e-17 1.526419385474017565e+00 6.494399999999999062e-01
-7.105427357601001859e-15 -1.518253708889103114e-17 1.506722826273523719e+00 6.494399999999999062e-01
8.881784197001252323e-16 1.850371707708594208e-18 1.487769583414492836e+00 6.494399999999999062e-01
1.776356839400250465e-15 3.610481380894818400e-18 1.469514050533524907e+00 4.892399999999998972e-01
1.780000000000000426e+01 3.531746031746032383e-02 1.479577474278906957e+00 6.233399999999998942e-01
2.900000000000006573e+00 5.620155038759702855e-03 1.516174872273876373e+00 5.909399999999999098e-01
7.000000000000046185e-01 1.325757575757584511e-03 1.505664224692333297e+00 4.856399999999999606e-01
8.900000000000005684e+00 1.648148148148149278e-02 1.504932208892070911e+00 3.200399999999999912e-01
2.730000000000000071e+01 4.945652173913043376e-02 1.518962172485863293e+00 3.200399999999999912e-01
3.552713678800500929e-15 6.299137728369682346e-18 1.548689677214921234e+00 3.200399999999999912e-01
0.000000000000000000e+00 0.000000000000000000e+00 1.532472584492858836e+00 3.200399999999999912e-01
0.000000000000000000e+00 0.000000000000000000e+00 1.568929081105472079e-01 9.000000000000000222e-01
0.000000000000000000e+00 0.000000000000000000e+00 1.109400392450458211e-01 8.981999999999999984e-01
0.000000000000000000e+00 0.000000000000000000e+00 9.870962335856491021e-02 8.297999999999999821e-01
7.599999999999999645e+00 1.461538461538461342e-01 5.433024155964147894e-01 6.713999999999998858e-01
2.169999999999999929e+01 3.338461538461538480e-01 9.235844758459663684e-01 5.930999999999999606e-01
6.500000000000000000e+00 8.333333333333332871e-02 1.476692133831442266e+00 6.534900000000000153e-01
7.216449660063517513e-16 7.930164461608260563e-18 1.415456281033251607e+00 4.968900000000000539e-01
1.119999999999999751e+01 1.076923076923076705e-01 1.611240104564249265e+00 5.319899999999999629e-01
5.899999999999998579e+00 5.042735042735041473e-02 1.588614616125696211e+00 5.004899999999999904e-01
9.400000000000003908e+00 7.230769230769233669e-02 1.545714441963545349e+00 5.869800000000000573e-01
3.552713678800500929e-15 2.484415160000350298e-17 1.502538644302494619e+00 4.222799999999999887e-01
1.800000000000000000e+01 1.153846153846153910e-01 1.546424902889284914e+00 3.853800000000000003e-01
2.210000000000000497e+01 1.307692307692308042e-01 1.508006246749888701e+00 4.564800000000000524e-01
1.420000000000000284e+01 7.802197802197803622e-02 1.488512953488742685e+00 5.807699999999998974e-01
1.299999999999998268e+00 6.666666666666657554e-03 1.493475267980148402e+00 4.583699999999998886e-01
1.489999999999999858e+01 7.163461538461537992e-02 1.648517172034942080e+00 4.448700000000000432e-01
1.639999999999999858e+01 7.420814479638009054e-02 1.696420221388400984e+00 3.845700000000000229e-01
2.309999999999999432e+01 9.871794871794870030e-02 1.667473670501155247e+00 5.924699999999999411e-01
-1.776356839400250465e-15 -7.191728094737856207e-18 1.741143000264028018e+00 5.240699999999999248e-01
6.600000000000000533e+00 2.538461538461538741e-02 1.713175707835352002e+00 5.834699999999998221e-01
0.000000000000000000e+00 0.000000000000000000e+00 1.686685633100734272e+00 3.836699999999998445e-01
2.139999999999999858e+01 7.482517482517482554e-02 1.728149037354788975e+00 4.691699999999998094e-01
1.189999999999999858e+01 3.979933110367892685e-02 1.709853783144042350e+00 4.304699999999998528e-01
1.999999999999996447e+00 6.410256410256398758e-03 1.707062234575915660e+00 3.989699999999998803e-01
5.500000000000000000e+00 1.692307692307692263e-02 1.692514672657157160e+00 3.062699999999999312e-01
9.300000000000002487e+00 2.751479289940829062e-02 1.686576056440938665e+00 3.899699999999998723e-01
7.105427357601001859e-15 2.024338278518804049e-17 1.674154121576631571e+00 3.845699999999998009e-01
5.329070518200751394e-15 1.464030362143063607e-17 1.644187230321306314e+00 3.858299999999998398e-01
0.000000000000000000e+00 0.000000000000000000e+00 1.615623324537762029e+00 3.858299999999998398e-01
-3.108624468950438313e-15 -7.970831971667789962e-18 1.588468057352985907e+00 4.830299999999999039e-01
9.900000000000002132e+00 2.456575682382134557e-02 1.581975709023077048e+00 4.659299999999998998e-01
1.180000000000000249e+01 2.836538461538462216e-02 1.564637221762556596e+00 4.299299999999999233e-01
1.580000000000000249e+01 3.682983682983683588e-02 1.545305009518540773e+00 5.505299999999998528e-01
2.400000000000005684e+00 5.429864253393677960e-03 1.548920926624784533e+00 5.727599999999998248e-01
-5.329070518200751394e-15 -1.171224289714450855e-17 1.528095848785973043e+00 5.727599999999998248e-01
-7.105427357601001859e-15 -1.518253708889103114e-17 1.506722826273523719e+00 5.727599999999998248e-01
8.881784197001252323e-16 1.846524781081341542e-18 1.486222240735398659e+00 5.727599999999998248e-01
1.776356839400250465e-15 3.595864047368928104e-18 1.466536308769500252e+00 3.909599999999997522e-01
2.020000000000000284e+01 3.984220907297830738e-02 1.476412296408975644e+00 5.790599999999996861e-01
7.000000000000072831e-01 1.346153846153860193e-03 1.513737769239992481e+00 4.890599999999996617e-01
7.800000000000004263e+00 1.463414634146342243e-02 1.505852157354644394e+00 3.018599999999996841e-01
2.510000000000000142e+01 4.597069597069597391e-02 1.526251444444442384e+00 3.252599999999996605e-01
7.400000000000000355e+00 1.323792486583184359e-02 1.545309736368933651e+00 3.918599999999996530e-01
0.000000000000000000e+00 0.000000000000000000e+00 1.537821545204483442e+00 3.918599999999996530e-01
0.000000000000000000e+00 0.000000000000000000e+00 1.520638642262480467e+00 3.918599999999996530e-01
0.000000000000000000e+00 0.000000000000000000e+00 1.511857892036908846e-01 8.927999999999999270e-01
2.000000000000000111e-01 7.142857142857143501e-03 1.099628879881475035e-01 8.927999999999999270e-01
0.000000000000000000e+00 0.000000000000000000e+00 9.511897312113418157e-02 7.946999999999998510e-01
9.500000000000000000e+00 1.696428571428571508e-01 6.253340943782265127e-01 8.576999999999997959e-01
2.500000000000000000e+00 3.571428571428571230e-02 1.403061521335775552e+00 8.801999999999999824e-01
-2.775557561562891351e-17 -3.304235192336775235e-19 1.472687856882619828e+00 7.685999999999999499e-01
1.240000000000000036e+01 1.265306122448979498e-01 1.552519415265772418e+00 8.163000000000001366e-01
7.099999999999997868e+00 6.339285714285712581e-02 1.620735918369132778e+00 7.668000000000003702e-01
1.259999999999999787e+01 9.999999999999997780e-02 1.559151173219704534e+00 8.784900000000003262e-01
4.000000000000021316e-01 2.857142857142872319e-03 1.518361092811346014e+00 7.245900000000002894e-01
1.680000000000000071e+01 1.090909090909090995e-01 1.555399628623637565e+00 6.714900000000003644e-01
2.270000000000000284e+01 1.351190476190476386e-01 1.511430254559929409e+00 6.651900000000003921e-01
1.420000000000000284e+01 7.802197802197803622e-02 1.488512953488742685e+00 7.578900000000002857e-01
3.899999999999997691e+00 1.989795918367345817e-02 1.501075121437936755e+00 4.869900000000004225e-01
2.379999999999999716e+01 1.133333333333333137e-01 1.695431770638054392e+00 5.571900000000002962e-01
1.599999999999999467e+01 7.142857142857141073e-02 1.686179566538583252e+00 6.183900000000003283e-01
9.199999999999992184e+00 3.865546218487391633e-02 1.718344388042031268e+00 7.011900000000003130e-01
-3.552713678800500929e-15 -1.409807015397024100e-17 1.723783214742669267e+00 6.705900000000002414e-01
3.400000000000000355e+00 1.278195488721804718e-02 1.705030748905123961e+00 4.860900000000001331e-01
2.050000000000000000e+01 7.321428571428571785e-02 1.745206810445251833e+00 5.121900000000000341e-01
1.929999999999999716e+01 6.564625850340134738e-02 1.707967550563686210e+00 5.508900000000001018e-01
8.599999999999997868e+00 2.792207792207791403e-02 1.702385520809142960e+00 6.282900000000000151e-01
0.000000000000000000e+00 0.000000000000000000e+00 1.682500357627346510e+00 5.634900000000000464e-01
7.200000000000002842e+00 2.142857142857143571e-02 1.689697171274262777e+00 6.282900000000000151e-01
7.105427357601001859e-15 2.030122102171714815e-17 1.676544064437317516e+00 6.282900000000000151e-01
5.329070518200751394e-15 1.464030362143063607e-17 1.644187230321306314e+00 6.295500000000000540e-01
0.000000000000000000e+00 0.000000000000000000e+00 1.613484841370792955e+00 6.295500000000000540e-01
-3.108624468950438313e-15 -7.930164461608260563e-18 1.584410661052601865e+00 5.386500000000000732e-01
1.010000000000000142e+01 2.487684729064039771e-02 1.576816915757384807e+00 4.810500000000001442e-01
1.170000000000000107e+01 2.785714285714285809e-02 1.559459667892155732e+00 4.684500000000000886e-01
1.310000000000000142e+01 3.018433179723502627e-02 1.544153971195591613e+00 5.863500000000000378e-01
-5.329070518200751394e-15 -1.189524669241239084e-17 1.539973330010249608e+00 5.854500000000000259e-01
-5.329070518200751394e-15 -1.153478467143019858e-17 1.516475179387044792e+00 5.854500000000000259e-01
-7.105427357601001859e-15 -1.492736839832143183e-17 1.494007638377197633e+00 5.854500000000000259e-01
1.776356839400250465e-15 3.625218039592348214e-18 1.472510004816848239e+00 4.252500000000000169e-01
1.780000000000000426e+01 3.531746031746032383e-02 1.479577474278906957e+00 6.087599999999999678e-01
7.105427357601001859e-15 1.371704123088996530e-17 1.516473250568937559e+00 5.349599999999999911e-01
5.300000000000004263e+00 9.962406015037601412e-03 1.503402906521924987e+00 3.252600000000000491e-01
2.510000000000000142e+01 4.597069597069597391e-02 1.526251444444442384e+00 5.097600000000001019e-01
4.600000000000001421e+00 8.214285714285717369e-03 1.548491324694155846e+00 5.097600000000001019e-01
0.000000000000000000e+00 0.000000000000000000e+00 1.535140075779669155e+00 5.097600000000001019e-01
0.000000000000000000e+00 0.000000000000000000e+00 1.460593486680442921e-01 9.000000000000000222e-01
0.000000000000000000e+00 0.000000000000000000e+00 1.125462867742275525e-01 9.000000000000000222e-01
0.000000000000000000e+00 0.000000000000000000e+00 9.189365834726814786e-02 7.676999999999999380e-01
1.240000000000000036e+01 2.066666666666666652e-01 7.098982712724094535e-01 7.821000000000000174e-01
1.080000000000000071e+01 1.440000000000000169e-01 1.453202440588830635e+00 7.848000000000000531e-01
7.216449660063517513e-16 8.018277400070574261e-18 1.423298204094200825e+00 7.074000000000001398e-01
8.599999999999997868e+00 8.190476190476188301e-02 1.624970678263278678e+00 7.200000000000003064e-01
7.199999999999999289e+00 5.999999999999999084e-02 1.576197957110717640e+00 7.686000000000001720e-01
3.699999999999999289e+00 2.740740740740740117e-02 1.535429949660843452e+00 6.660000000000001474e-01
1.509999999999999787e+01 1.006666666666666543e-01 1.572534966931489864e+00 7.596000000000000529e-01
2.460000000000000497e+01 1.490909090909091073e-01 1.521029084726528646e+00 8.558100000000000707e-01
1.440000000000000391e+01 8.000000000000001554e-02 1.496603562144037669e+00 8.441100000000000270e-01
1.299999999999998268e+00 6.666666666666657554e-03 1.493475267980148402e+00 6.416100000000000136e-01
2.379999999999999716e+01 1.133333333333333137e-01 1.695431770638054392e+00 7.046099999999998476e-01
1.679999999999999716e+01 7.466666666666665897e-02 1.683126191875635280e+00 8.558099999999999596e-01
-1.776356839400250465e-15 -7.401486830834376833e-18 1.766352173265569370e+00 8.153099999999999792e-01
4.499999999999996447e+00 1.764705882352939764e-02 1.724393145013566997e+00 7.739099999999998758e-01
8.000000000000007105e-01 2.962962962962965418e-03 1.695656356727311520e+00 5.786099999999998467e-01
2.089999999999999858e+01 7.333333333333333370e-02 1.730994373320674962e+00 6.811199999999998367e-01
1.069999999999999574e+01 3.566666666666665209e-02 1.708496772669536590e+00 7.774199999999995558e-01
-3.552713678800500929e-15 -1.127845612317619342e-17 1.701092086194714303e+00 6.892199999999996107e-01
9.800000000000002487e+00 2.969696969696970432e-02 1.698474332949363896e+00 6.559199999999995034e-01
7.105427357601001859e-15 2.059544161623478825e-17 1.688649232932659006e+00 6.541199999999994796e-01
2.000000000000046185e-01 5.555555555555683487e-04 1.653262673967994312e+00 6.559199999999995034e-01
0.000000000000000000e+00 0.000000000000000000e+00 1.619925924232339609e+00 6.559199999999995034e-01
-3.108624468950438313e-15 -7.970831971667789962e-18 1.588468057352985907e+00 5.641199999999993997e-01
1.019999999999999929e+01 2.518518518518518198e-02 1.578750178527392523e+00 5.506199999999994432e-01
1.170000000000000107e+01 2.785714285714285809e-02 1.559459667892155732e+00 4.948199999999994825e-01
1.220000000000000107e+01 2.804597701149425665e-02 1.543021248265479262e+00 6.046199999999993802e-01
-5.329070518200751394e-15 -1.184237892933500386e-17 1.536547356178057377e+00 6.037199999999993683e-01
-7.105427357601001859e-15 -1.528048894107742334e-17 1.511575408325288805e+00 6.037199999999993683e-01
8.881784197001252323e-16 1.850371707708594208e-18 1.487769583414492836e+00 6.010199999999993326e-01
1.000000000000001776e+00 2.020202020202023670e-03 1.465742118924006965e+00 4.228199999999994185e-01
2.080000000000000426e+01 4.078431372549020523e-02 1.472926715876311299e+00 5.857199999999994633e-01
2.700000000000007283e+00 5.142857142857156470e-03 1.507540484672027059e+00 4.750199999999994982e-01
8.900000000000005684e+00 1.648148148148149278e-02 1.504932208892070911e+00 3.058199999999995922e-01
2.060000000000000142e+01 3.711711711711711964e-02 1.524452574844572750e+00 3.058199999999995922e-01
0.000000000000000000e+00 0.000000000000000000e+00 1.540517115275302773e+00 3.058199999999995922e-01
0.000000000000000000e+00 0.000000000000000000e+00 1.414213562373095034e-01 8.927999999999999270e-01
0.000000000000000000e+00 0.000000000000000000e+00 1.089724735885168327e-01 8.675999999999999268e-01
2.799999999999999822e+00 5.833333333333332732e-02 3.575572992154156249e-01 6.866999999999997550e-01
2.289999999999999858e+01 3.578124999999999778e-01 9.104951756290363685e-01 7.649999999999996803e-01
2.600000000000000089e+00 3.250000000000000111e-02 1.495808727745629785e+00 7.919999999999997042e-01
2.699999999999999734e+00 2.812499999999999722e-02 1.405102541112806636e+00 6.254999999999998339e-01
7.099999999999997868e+00 6.339285714285712581e-02 1.620735918369132778e+00 5.940000000000000835e-01
1.060000000000000142e+01 8.281250000000001110e-02 1.555389288841783735e+00 6.894000000000000128e-01
-8.881784197001252323e-16 -6.167905692361980438e-18 1.497312407096276221e+00 4.734000000000001540e-01
2.370000000000000284e+01 1.481250000000000067e-01 1.542966780062033694e+00 5.705100000000000726e-01
1.410000000000000320e+01 8.011363636363638685e-02 1.513050045977406333e+00 6.996600000000000597e-01
9.999999999999831246e-02 5.208333333333245441e-04 1.502168481029776181e+00 5.664600000000001856e-01
1.489999999999999858e+01 7.163461538461537992e-02 1.648517172034942080e+00 5.565600000000000547e-01
1.599999999999999467e+01 7.142857142857141073e-02 1.686179566538583252e+00 7.005600000000000716e-01
-1.776356839400250465e-15 -7.401486830834376833e-18 1.766352173265569370e+00 6.832800000000001095e-01
6.400000000000002132e+00 2.500000000000000833e-02 1.725022644778902547e+00 7.408799999999999830e-01
0.000000000000000000e+00 0.000000000000000000e+00 1.689783313640782714e+00 5.392800000000000926e-01
2.239999999999999503e+01 7.777777777777776513e-02 1.722499977602178545e+00 6.256799999999997919e-01
1.279999999999999893e+01 4.210526315789473589e-02 1.704001726424157370e+00 6.175799999999997958e-01
0.000000000000000000e+00 0.000000000000000000e+00 1.687749981484224282e+00 5.527799999999998271e-01
7.200000000000002842e+00 2.142857142857143571e-02 1.689697171274262777e+00 5.338799999999997992e-01
5.329070518200751394e-15 1.513940488125213352e-17 1.671774370378534602e+00 5.338799999999997992e-01
0.000000000000000000e+00 0.000000000000000000e+00 1.635243632958231386e+00 5.345099999999998186e-01
-3.108624468950438313e-15 -8.095376221225100288e-18 1.600829862914856960e+00 5.633099999999997554e-01
2.300000000000000711e+00 5.750000000000001638e-03 1.572304657978217612e+00 4.436099999999996712e-01
1.180000000000000249e+01 2.836538461538462216e-02 1.564637221762556596e+00 4.499099999999996990e-01
1.110000000000000142e+01 2.569444444444444683e-02 1.546295447299611769e+00 5.649299999999997102e-01
-5.329070518200751394e-15 -1.189524669241239084e-17 1.539973330010249608e+00 5.640299999999996983e-01
-7.105427357601001859e-15 -1.531342102931250379e-17 1.513203384465756640e+00 5.640299999999996983e-01
8.881784197001252323e-16 1.850371707708594208e-18 1.487769583414492836e+00 5.271299999999996544e-01
4.100000000000002309e+00 8.266129032258070011e-03 1.470843041169241694e+00 3.948299999999996257e-01
1.880000000000000426e+01 3.671875000000000833e-02 1.473390069159703941e+00 5.577299999999996150e-01
7.000000000000046185e-01 1.325757575757584511e-03 1.505664224692333297e+00 3.876299999999996970e-01
1.960000000000000142e+01 3.602941176470588619e-02 1.519961434984727022e+00 5.226299999999997059e-01
4.600000000000001421e+00 8.214285714285717369e-03 1.548491324694155846e+00 5.226299999999997059e-01
0.000000000000000000e+00 0.000000000000000000e+00 1.532472584492858836e+00 5.226299999999997059e-01
0.000000000000000000e+00 0.000000000000000000e+00 1.371988681140070832e-01 8.945999999999999508e-01
0.000000000000000000e+00 0.000000000000000000e+00 1.057188279741848730e-01 8.261999999999999345e-01
7.599999999999999645e+00 1.490196078431372528e-01 5.482136942082834752e-01 8.027999999999997360e-01
1.019999999999999929e+01 1.499999999999999944e-01 1.246111599194493769e+00 8.810999999999996612e-01
-2.775557561562891351e-17 -3.265361837132813309e-19 1.463999357119755818e+00 7.217999999999996641e-01
1.719999999999999929e+01 1.686274509803921406e-01 1.561420946129245868e+00 6.866999999999997550e-01
5.499999999999998224e+00 4.621848739495797165e-02 1.575590587736045434e+00 7.127999999999998781e-01
2.600000000000001421e+00 1.911764705882354129e-02 1.532803789383169857e+00 5.921999999999998376e-01
1.600000000000000000e+01 1.045751633986928136e-01 1.559467810566669277e+00 5.417999999999998373e-01
2.160000000000000497e+01 1.270588235294118074e-01 1.504337902850139796e+00 7.028999999999999693e-01
3.700000000000000178e+00 1.978609625668449265e-02 1.515405368269829411e+00 5.651999999999998137e-01
1.900000000000000000e+01 9.313725490196078649e-02 1.610337913870056870e+00 5.885999999999997900e-01
1.639999999999999858e+01 7.420814479638009054e-02 1.696420221388400984e+00 6.533999999999998698e-01
9.199999999999992184e+00 3.865546218487391633e-02 1.718344388042031268e+00 6.956999999999998741e-01
4.499999999999996447e+00 1.764705882352939764e-02 1.724393145013566997e+00 7.370999999999999774e-01
0.000000000000000000e+00 0.000000000000000000e+00 1.689783313640782714e+00 5.283000000000001029e-01
2.209999999999999787e+01 7.647058823529410965e-02 1.719660383305388063e+00 4.878000000000000669e-01
1.229999999999999893e+01 4.019607843137254499e-02 1.701129563442657977e+00 5.103000000000000869e-01
2.500000000000000000e+00 7.739938080495356067e-03 1.685625486937415429e+00 5.708700000000000996e-01
5.500000000000000000e+00 1.617647058823529563e-02 1.688125508830434551e+00 5.663700000000000401e-01
5.000000000000053291e-01 1.400560224089650828e-03 1.660101326359688878e+00 5.690700000000000758e-01
0.000000000000000000e+00 0.000000000000000000e+00 1.622090154889128000e+00 5.690700000000000758e-01
-3.108624468950438313e-15 -7.950446212149458290e-18 1.586435467835404234e+00 4.574700000000000433e-01
1.090000000000000036e+01 2.671568627450980615e-02 1.573227916110202740e+00 4.268700000000000272e-01
1.430000000000000249e+01 3.364705882352941879e-02 1.552174070786121796e+00 5.339700000000000557e-01
2.400000000000005684e+00 5.429864253393677960e-03 1.548920926624784533e+00 5.562000000000000277e-01
-5.329070518200751394e-15 -1.161017542091667006e-17 1.521422909267937884e+00 5.562000000000000277e-01
-7.105427357601001859e-15 -1.492736839832143183e-17 1.494007638377197633e+00 5.562000000000000277e-01
1.776356839400250465e-15 3.603157889250000893e-18 1.468022914633987153e+00 3.644999999999999907e-01
2.080000000000000426e+01 4.078431372549020523e-02 1.472926715876311299e+00 5.507999999999999563e-01
1.000000000000067502e-01 1.897533206831247734e-04 1.506865994467988301e+00 3.752999999999999670e-01
1.960000000000000142e+01 3.602941176470588619e-02 1.519961434984727022e+00 3.024000000000000021e-01
1.700000000000002842e+00 3.030303030303035505e-03 1.551966637183929132e+00 3.024000000000000021e-01
0.000000000000000000e+00 0.000000000000000000e+00 1.529818950320999793e+00 3.024000000000000021e-01
0.000000000000000000e+00 0.000000000000000000e+00 1.333333333333333315e-01 8.958599999999999897e-01
0.000000000000000000e+00 0.000000000000000000e+00 1.027402333828162789e-01 8.256599999999999495e-01
6.400000000000000355e+00 1.185185185185185230e-01 5.725427605166510947e-01 8.553599999999998982e-01
3.100000000000000533e+00 4.305555555555556219e-02 1.389027076458843712e+00 8.832600000000000451e-01
7.216449660063517513e-16 8.018277400070574261e-18 1.423298204094200825e+00 8.220600000000001240e-01
6.799999999999998046e+00 6.296296296296294281e-02 1.630246095521038496e+00 7.356600000000003137e-01
1.259999999999999787e+01 9.999999999999997780e-02 1.559151173219704534e+00 7.329600000000002780e-01
-8.881784197001252323e-16 -6.167905692361980438e-18 1.497312407096276221e+00 5.124600000000003597e-01
2.450000000000000355e+01 1.512345679012346011e-01 1.533664926074703949e+00 6.121800000000003905e-01
1.440000000000000391e+01 8.000000000000001554e-02 1.496603562144037669e+00 5.986800000000003230e-01
1.589999999999999858e+01 8.030303030303029277e-02 1.608740617010430363e+00 5.716800000000002990e-01
1.889999999999999858e+01 8.749999999999999445e-02 1.711042905386674917e+00 4.825800000000002865e-01
2.309999999999999432e+01 9.871794871794870030e-02 1.667473670501155247e+00 6.904800000000002047e-01
-3.552713678800500929e-15 -1.409807015397024100e-17 1.723783214742669267e+00 6.832800000000001095e-01
8.000000000000007105e-01 2.962962962962965418e-03 1.695656356727311520e+00 4.744799999999999573e-01
2.239999999999999503e+01 7.777777777777776513e-02 1.722499977602178545e+00 5.653799999999997716e-01
1.229999999999999893e+01 4.019607843137254499e-02 1.701129563442657977e+00 6.202799999999997205e-01
6.100000000000001421e+00 1.882716049382716569e-02 1.694776974949170789e+00 6.742799999999996574e-01
1.000000000000014211e-01 2.923976608187176299e-04 1.696030772816302878e+00 6.688799999999995860e-01
2.000000000000046185e-01 5.555555555555683487e-04 1.653262673967994312e+00 6.719399999999996487e-01
0.000000000000000000e+00 0.000000000000000000e+00 1.613484841370792955e+00 6.575399999999995693e-01
1.599999999999994760e+00 4.040404040404027390e-03 1.577984214175064404e+00 5.522399999999996201e-01
8.599999999999999645e+00 2.077294685990338161e-02 1.564584920226914866e+00 4.721399999999996155e-01
1.110000000000000142e+01 2.569444444444444683e-02 1.546295447299611769e+00 5.720399999999995488e-01
-5.329070518200751394e-15 -1.184237892933500386e-17 1.536547356178057377e+00 5.711399999999995369e-01
-7.105427357601001859e-15 -1.518253708889103114e-17 1.506722826273523719e+00 5.711399999999995369e-01
8.881784197001252323e-16 1.827527612551698164e-18 1.478557299276155312e+00 4.109399999999995279e-01
1.780000000000000426e+01 3.531746031746032383e-02 1.479577474278906957e+00 5.504399999999995963e-01
2.300000000000006928e+00 4.406130268199246955e-03 1.511653243487009135e+00 4.910399999999995879e-01
8.900000000000005684e+00 1.648148148148149278e-02 1.504932208892070911e+00 4.694399999999996353e-01
1.130000000000000071e+01 2.025089605734767262e-02 1.537780580147378506e+00 5.711399999999996480e-01
0.000000000000000000e+00 0.000000000000000000e+00 1.532472584492858836e+00 5.711399999999996480e-01
0.000000000000000000e+00 0.000000000000000000e+00 1.297771369046100409e-01 9.000000000000000222e-01
0.000000000000000000e+00 0.000000000000000000e+00 1.000000000000000056e-01 8.198999999999998511e-01
8.900000000000000355e+00 1.561403508771929960e-01 6.280064654543839886e-01 8.027999999999999581e-01
1.080000000000000071e+01 1.421052631578947345e-01 1.443703493932653625e+00 9.000000000000000222e-01
7.216449660063517513e-16 7.596262800066861043e-18 1.385336744166140166e+00 8.469000000000002082e-01
5.899999999999998579e+00 5.175438596491226811e-02 1.609305857561736941e+00 8.451000000000002954e-01
6.100000000000001421e+00 4.586466165413535107e-02 1.539432142067131526e+00 7.569000000000000172e-01
1.589999999999999858e+01 1.046052631578947290e-01 1.564589185015362371e+00 7.100999999999999535e-01
2.110000000000000497e+01 1.233918128654971080e-01 1.500694639837909738e+00 8.928000000000000380e-01
8.000000000000000444e-01 4.210526315789473589e-03 1.509542683587783429e+00 6.228000000000001313e-01
1.979999999999999716e+01 9.473684210526314708e-02 1.677980402800738569e+00 6.246000000000001551e-01
1.959999999999999432e+01 8.596491228070173019e-02 1.675775661878489808e+00 8.010000000000001563e-01
-1.776356839400250465e-15 -7.191728094737856207e-18 1.741143000264028018e+00 8.277300000000001878e-01
3.400000000000000355e+00 1.278195488721804718e-02 1.705030748905123961e+00 6.324300000000001587e-01
2.089999999999999858e+01 7.333333333333333370e-02 1.730994373320674962e+00 7.374600000000000044e-01
1.279999999999999893e+01 4.210526315789473589e-02 1.704001726424157370e+00 8.301600000000000090e-01
2.500000000000000000e+00 7.739938080495356067e-03 1.685625486937415429e+00 8.517599999999999616e-01
1.000000000000014211e-01 2.923976608187176299e-04 1.696030772816302878e+00 8.564400000000000901e-01
5.329070518200751394e-15 1.476196819446191602e-17 1.651004898392259612e+00 8.582400000000001139e-01
0.000000000000000000e+00 0.000000000000000000e+00 1.609233227020672841e+00 8.312400000000002009e-01
2.099999999999994760e+00 5.263157894736828976e-03 1.574243620238209740e+00 7.304400000000002002e-01
1.330000000000000249e+01 3.181818181818182184e-02 1.561993893675627465e+00 7.808400000000003116e-01
7.700000000000002842e+00 1.762013729977117416e-02 1.548775499892793839e+00 8.501400000000002288e-01
-5.329070518200751394e-15 -1.168655815394901557e-17 1.526419385474017565e+00 8.501400000000002288e-01
-7.105427357601001859e-15 -1.495879443705474042e-17 1.495579451161603179e+00 8.501400000000002288e-01
1.776356839400250465e-15 3.595864047368928104e-18 1.466536308769500252e+00 6.917400000000003546e-01
1.760000000000000853e+01 3.430799220272905820e-02 1.472963740878886041e+00 6.179400000000003779e-01
5.300000000000004263e+00 9.962406015037601412e-03 1.503402906521924987e+00 3.848400000000004595e-01
2.760000000000000142e+01 5.009074410163339569e-02 1.520266892858722407e+00 6.332400000000004692e-01
0.000000000000000000e+00 0.000000000000000000e+00 1.540517115275302773e+00 6.332400000000004692e-01
0.000000000000000000e+00 0.000000000000000000e+00 1.264911064067351654e-01 8.981999999999999984e-01
0.000000000000000000e+00 0.000000000000000000e+00 9.746794344808963617e-02 7.865999999999998549e-01
1.240000000000000036e+01 2.066666666666666652e-01 7.098982712724094535e-01 8.748000000000000220e-01
2.600000000000000089e+00 3.250000000000000111e-02 1.495808727745629785e+00 7.416000000000000369e-01
1.739999999999999858e+01 1.739999999999999880e-01 1.576491040253638731e+00 8.334000000000002517e-01
7.199999999999999289e+00 5.999999999999999084e-02 1.576197957110717640e+00 8.847000000000001529e-01
4.000000000000021316e-01 2.857142857142872319e-03 1.518361092811346014e+00 6.687000000000001831e-01
2.370000000000000284e+01 1.481250000000000067e-01 1.542966780062033694e+00 7.524000000000001798e-01
1.440000000000000391e+01 8.000000000000001554e-02 1.496603562144037669e+00 6.957000000000002071e-01
2.069999999999999929e+01 1.034999999999999948e-01 1.620320261553252150e+00 7.245000000000000329e-01
1.750000000000000000e+01 7.954545454545454419e-02 1.698418990153991004e+00 8.090999999999999304e-01
-1.776356839400250465e-15 -7.401486830834376833e-18 1.766352173265569370e+00 7.406999999999999140e-01
6.600000000000000533e+00 2.538461538461538741e-02 1.713175707835352002e+00 6.155999999999997030e-01
2.050000000000000000e+01 7.321428571428571785e-02 1.745206810445251833e+00 5.894999999999999130e-01
1.069999999999999574e+01 3.566666666666665209e-02 1.708496772669536590e+00 5.507999999999998453e-01
0.000000000000000000e+00 0.000000000000000000e+00 1.687749981484224282e+00 5.012999999999998568e-01
5.500000000000000000e+00 1.617647058823529563e-02 1.688125508830434551e+00 5.489999999999998215e-01
2.000000000000046185e-01 5.555555555555683487e-04 1.653262673967994312e+00 5.507999999999998453e-01
0.000000000000000000e+00 0.000000000000000000e+00 1.609233227020672841e+00 5.219999999999997975e-01
2.300000000000000711e+00 5.750000000000001638e-03 1.572304657978217612e+00 3.887999999999998679e-01
1.170000000000000107e+01 2.785714285714285809e-02 1.559459667892155732e+00 4.861799999999998900e-01
5.500000000000005329e+00 1.250000000000001284e-02 1.548255066195489693e+00 4.852799999999998781e-01
-5.329070518200751394e-15 -1.158493590913206762e-17 1.519768288974971737e+00 4.852799999999998781e-01
8.881784197001252323e-16 1.850371707708594208e-18 1.487769583414492836e+00 4.534199999999998787e-01
1.180000000000000249e+01 2.360000000000000639e-02 1.478500267162640602e+00 5.533199999999998120e-01
7.000000000000072831e-01 1.346153846153860193e-03 1.513737769239992481e+00 4.795199999999997242e-01
8.900000000000005684e+00 1.648148148148149278e-02 1.504932208892070911e+00 5.182199999999997919e-01
4.600000000000001421e+00 8.214285714285717369e-03 1.548491324694155846e+00 5.596199999999997843e-01
0.000000000000000000e+00 0.000000000000000000e+00 1.234426799696735216e-01 8.945999999999999508e-01
0.000000000000000000e+00 0.000000000000000000e+00 9.511897312113418157e-02 6.848999999999998423e-01
2.100000000000000000e+01 3.333333333333333148e-01 8.965542503437946564e-01 8.739000000000000101e-01
-2.775557561562891351e-17 -3.304235192336775235e-19 1.472687856882619828e+00 7.965000000000000968e-01
8.599999999999997868e+00 8.190476190476188301e-02 1.624970678263278678e+00 6.975000000000003419e-01
1.259999999999999787e+01 9.999999999999997780e-02 1.559151173219704534e+00 7.191000000000002945e-01
1.019999999999999929e+01 6.938775510204081565e-02 1.572623452424440904e+00 5.814000000000003610e-01
2.270000000000000284e+01 1.351190476190476386e-01 1.511430254559929409e+00 7.784100000000003794e-01
1.300000000000000044e+00 6.878306878306878445e-03 1.513084131291246859e+00 5.759100000000003661e-01
2.379999999999999716e+01 1.133333333333333137e-01 1.695431770638054392e+00 5.687100000000002709e-01
2.459999999999999787e+01 1.064935064935064873e-01 1.675130362233732129e+00 7.901100000000003121e-01
-3.552713678800500929e-15 -1.409807015397024100e-17 1.723783214742669267e+00 7.901100000000002010e-01
0.000000000000000000e+00 0.000000000000000000e+00 1.686685633100734272e+00 5.795100000000003027e-01
1.929999999999999716e+01 6.564625850340134738e-02 1.707967550563686210e+00 7.532100000000001572e-01
-3.552713678800500929e-15 -1.127845612317619342e-17 1.701092086194714303e+00 6.245100000000001206e-01
7.200000000000002842e+00 2.142857142857143571e-02 1.689697171274262777e+00 6.848100000000000298e-01
5.000000000000053291e-01 1.400560224089650828e-03 1.660101326359688878e+00 6.821099999999999941e-01
0.000000000000000000e+00 0.000000000000000000e+00 1.613484841370792955e+00 6.551100000000000811e-01
2.099999999999994760e+00 5.263157894736828976e-03 1.574243620238209740e+00 5.687100000000000488e-01
1.170000000000000107e+01 2.785714285714285809e-02 1.559459667892155732e+00 6.443100000000001604e-01
3.300000000000004263e+00 7.482993197278920913e-03 1.550075198323961123e+00 6.740100000000001090e-01
-5.329070518200751394e-15 -1.153478467143019858e-17 1.516475179387044792e+00 6.740100000000001090e-01
8.881784197001252323e-16 1.838878715735249061e-18 1.483141984075542430e+00 5.138100000000001000e-01
1.780000000000000426e+01 3.531746031746032383e-02 1.479577474278906957e+00 6.497100000000001208e-01
2.700000000000007283e+00 5.142857142857156470e-03 1.507540484672027059e+00 4.481100000000002859e-01
2.510000000000000142e+01 4.597069597069597391e-02 1.526251444444442384e+00 4.247100000000003095e-01
3.552713678800500929e-15 6.265808957320107111e-18 1.544587180797151627e+00 4.247100000000003095e-01
0.000000000000000000e+00 0.000000000000000000e+00 1.206045378311054461e-01 9.000000000000000222e-01
0.000000000000000000e+00 0.000000000000000000e+00 9.293203772845851085e-02 6.731999999999999096e-01
1.819999999999999929e+01 2.757575757575757569e-01 1.029277564540707290e+00 8.910000000000000142e-01
3.000000000000007105e-01 3.409090909090917165e-03 1.439179758785946062e+00 8.505000000000001448e-01
4.799999999999998046e+00 4.363636363636361898e-02 1.628358195613956561e+00 8.253000000000003666e-01
7.600000000000003197e+00 5.757575757575759956e-02 1.539338760643142345e+00 6.687000000000002942e-01
1.680000000000000071e+01 1.090909090909090995e-01 1.555399628623637565e+00 6.930000000000002824e-01
1.410000000000000320e+01 8.011363636363638685e-02 1.513050045977406333e+00 6.768000000000002903e-01
1.589999999999999858e+01 8.030303030303029277e-02 1.608740617010430363e+00 6.624000000000002109e-01
1.750000000000000000e+01 7.954545454545454419e-02 1.698418990153991004e+00 8.199000000000002952e-01
-1.776356839400250465e-15 -7.340317518182853364e-18 1.759038054174228982e+00 7.704000000000003068e-01
5.500000000000000000e+00 2.083333333333333218e-02 1.704289837735970758e+00 6.273000000000001908e-01
2.139999999999999858e+01 7.482517482517482554e-02 1.728149037354788975e+00 7.424999999999999378e-01
8.599999999999997868e+00 2.792207792207791403e-02 1.702385520809142960e+00 7.316999999999999060e-01
9.800000000000002487e+00 2.969696969696970432e-02 1.698474332949363896e+00 8.198999999999998511e-01
5.329070518200751394e-15 1.513940488125213352e-17 1.671774370378534602e+00 8.198999999999998511e-01
0.000000000000000000e+00 0.000000000000000000e+00 1.622090154889128000e+00 8.054999999999998828e-01
1.599999999999994760e+00 4.040404040404027390e-03 1.577984214175064404e+00 6.578999999999999293e-01
1.330000000000000249e+01 3.181818181818182184e-02 1.561993893675627465e+00 5.984999999999999210e-01
5.500000000000005329e+00 1.250000000000001284e-02 1.548255066195489693e+00 5.975999999999999091e-01
-5.329070518200751394e-15 -1.153478467143019858e-17 1.516475179387044792e+00 5.975999999999999091e-01
8.881784197001252323e-16 1.835079379545713341e-18 1.481609020374875518e+00 4.211999999999999078e-01
1.960000000000000142e+01 3.873517786561265358e-02 1.477660252950545372e+00 5.912999999999999368e-01
7.000000000000046185e-01 1.325757575757584511e-03 1.505664224692333297e+00 3.168000000000000815e-01
2.769999999999999929e+01 5.036363636363636043e-02 1.521634842871745663e+00 3.168000000000000815e-01
0.000000000000000000e+00 0.000000000000000000e+00 1.537821545204483442e+00 3.168000000000000815e-01
0.000000000000000000e+00 0.000000000000000000e+00 1.179535649239177031e-01 8.963999999999999746e-01
0.000000000000000000e+00 0.000000000000000000e+00 9.088932591463856625e-02 8.459999999999997522e-01
5.599999999999999645e+00 8.115942028985506651e-02 1.361081769505720462e+00 8.963999999999999746e-01
7.216449660063517513e-16 7.843967021808170607e-18 1.407742565398511392e+00 7.047000000000001041e-01
5.999999999999998224e+00 5.217391304347824416e-02 1.602299859364491930e+00 7.515000000000002789e-01
8.000000000000007105e-01 5.797101449275367593e-03 1.527941122810105856e+00 5.292000000000002258e-01
2.410000000000000497e+01 1.496894409937888637e-01 1.538294781643012143e+00 5.130000000000003446e-01
1.150000000000000000e+01 6.250000000000000000e-02 1.488235112473832222e+00 6.505200000000003202e-01
1.119999999999999929e+01 5.410628019323671101e-02 1.633043466828097312e+00 4.381200000000002315e-01
2.349999999999999645e+01 1.021739130434782400e-01 1.677483769173701900e+00 6.478200000000000625e-01
1.999999999999957367e-01 7.905138339920780464e-04 1.720418923495402375e+00 4.804200000000000137e-01
9.699999999999999289e+00 3.514492753623188470e-02 1.724471242425495099e+00 4.606199999999999739e-01
1.189999999999999858e+01 3.979933110367892685e-02 1.709853783144042350e+00 5.677200000000000024e-01
0.000000000000000000e+00 0.000000000000000000e+00 1.682500357627346510e+00 5.677200000000001134e-01
7.105427357601001859e-15 2.059544161623478825e-17 1.688649232932659006e+00 5.677200000000001134e-01
0.000000000000000000e+00 0.000000000000000000e+00 1.635243632958231386e+00 5.677200000000001134e-01
-3.108624468950438313e-15 -7.950446212149458290e-18 1.586435467835404234e+00 4.903200000000000891e-01
8.599999999999999645e+00 2.077294685990338161e-02 1.564584920226914866e+00 4.984200000000000852e-01
7.700000000000002842e+00 1.762013729977117416e-02 1.548775499892793839e+00 5.708700000000000996e-01
-5.329070518200751394e-15 -1.158493590913206762e-17 1.519768288974971737e+00 5.708700000000000996e-01
8.881784197001252323e-16 1.838878715735249061e-18 1.483141984075542430e+00 3.944699999999999873e-01
1.960000000000000142e+01 3.873517786561265358e-02 1.477660252950545372e+00 5.546699999999999964e-01
1.800000000000004707e+00 3.402646502835547562e-03 1.504997268231507590e+00 3.251700000000000701e-01
2.730000000000000071e+01 4.945652173913043376e-02 1.518962172485863293e+00 3.251700000000000701e-01
0.000000000000000000e+00 0.000000000000000000e+00 1.533804590467485296e+00 3.251700000000000701e-01
0.000000000000000000e+00 0.000000000000000000e+00 1.154700538379251629e-01 8.675999999999999268e-01
2.799999999999999822e+00 5.833333333333332732e-02 3.575572992154156249e-01 8.648999999999997801e-01
3.100000000000000533e+00 4.305555555555556219e-02 1.389027076458843712e+00 7.685999999999998389e-01
2.699999999999999734e+00 2.812499999999999722e-02 1.405102541112806636e+00 7.281000000000000805e-01
7.199999999999999289e+00 5.999999999999999084e-02 1.576197957110717640e+00 6.768000000000001792e-01
-8.881784197001252323e-16 -6.167905692361980438e-18 1.497312407096276221e+00 4.473000000000003085e-01
2.270000000000000284e+01 1.351190476190476386e-01 1.511430254559929409e+00 6.551100000000003032e-01
9.999999999999831246e-02 5.208333333333245441e-04 1.502168481029776181e+00 4.859100000000002306e-01
1.889999999999999858e+01 8.749999999999999445e-02 1.711042905386674917e+00 3.968100000000003291e-01
-1.776356839400250465e-15 -7.401486830834376833e-18 1.766352173265569370e+00 4.751100000000003654e-01
5.500000000000000000e+00 2.083333333333333218e-02 1.704289837735970758e+00 3.230100000000002969e-01
2.239999999999999503e+01 7.777777777777776513e-02 1.722499977602178545e+00 5.349600000000002131e-01
1.999999999999996447e+00 6.410256410256398758e-03 1.707062234575915660e+00 4.881600000000001494e-01
7.200000000000002842e+00 2.142857142857143571e-02 1.689697171274262777e+00 5.511600000000002053e-01
2.000000000000046185e-01 5.555555555555683487e-04 1.653262673967994312e+00 5.542200000000002680e-01
-3.108624468950438313e-15 -8.095376221225100288e-18 1.600829862914856960e+00 4.561200000000002475e-01
1.090000000000000036e+01 2.671568627450980615e-02 1.573227916110202740e+00 4.543200000000002792e-01
1.110000000000000142e+01 2.569444444444444683e-02 1.546295447299611769e+00 5.542200000000002680e-01
-5.329070518200751394e-15 -1.168655815394901557e-17 1.526419385474017565e+00 5.542200000000002680e-01
8.881784197001252323e-16 1.850371707708594208e-18 1.487769583414492836e+00 3.940200000000002034e-01
1.780000000000000426e+01 3.531746031746032383e-02 1.479577474278906957e+00 5.479200000000001847e-01
7.000000000000046185e-01 1.325757575757584511e-03 1.505664224692333297e+00 3.085200000000001275e-01
2.730000000000000071e+01 4.945652173913043376e-02 1.518962172485863293e+00 3.085200000000001275e-01
0.000000000000000000e+00 0.000000000000000000e+00 1.131370849898476055e-01 8.351999999999999424e-01
7.000000000000000000e+00 1.400000000000000133e-01 5.499090833947007928e-01 8.009999999999999343e-01
1.080000000000000071e+01 1.440000000000000169e-01 1.453202440588830635e+00 7.416000000000000369e-01
1.739999999999999858e+01 1.739999999999999880e-01 1.576491040253638731e+00 6.471000000000002306e-01
1.209999999999999787e+01 9.679999999999998328e-02 1.564963181675530501e+00 5.040000000000002256e-01
1.509999999999999787e+01 1.006666666666666543e-01 1.572534966931489864e+00 5.148000000000002574e-01
1.390000000000000213e+01 7.942857142857144559e-02 1.517339669773840605e+00 4.536000000000001697e-01
2.069999999999999929e+01 1.034999999999999948e-01 1.620320261553252150e+00 4.887000000000003563e-01
1.679999999999999716e+01 7.466666666666665897e-02 1.683126191875635280e+00 6.399000000000002464e-01
-3.552713678800500929e-15 -1.421085471520200401e-17 1.730664612222714727e+00 5.976000000000001311e-01
4.700000000000001066e+00 1.709090909090909410e-02 1.701368083446936019e+00 5.435999999999999721e-01
1.069999999999999574e+01 3.566666666666665209e-02 1.708496772669536590e+00 6.371999999999999886e-01
5.500000000000000000e+00 1.692307692307692263e-02 1.692514672657157160e+00 6.866999999999998661e-01
7.105427357601001859e-15 2.030122102171714815e-17 1.676544064437317516e+00 6.794999999999997708e-01
0.000000000000000000e+00 0.000000000000000000e+00 1.619925924232339609e+00 7.082999999999997076e-01
2.300000000000000711e+00 5.750000000000001638e-03 1.572304657978217612e+00 5.507999999999997343e-01
1.430000000000000249e+01 3.364705882352941879e-02 1.552174070786121796e+00 6.794999999999997708e-01
-5.329070518200751394e-15 -1.184237892933500386e-17 1.536547356178057377e+00 6.794999999999997708e-01
-7.105427357601001859e-15 -1.495879443705474042e-17 1.495579451161603179e+00 5.732999999999998098e-01
1.180000000000000249e+01 2.360000000000000639e-02 1.478500267162640602e+00 6.552000000000000046e-01
2.700000000000007283e+00 5.142857142857156470e-03 1.507540484672027059e+00 3.753000000000001335e-01
2.769999999999999929e+01 5.036363636363636043e-02 1.521634842871745663e+00 6.246000000000001551e-01
0.000000000000000000e+00 0.000000000000000000e+00 1.109400392450458211e-01 8.261999999999999345e-01
7.599999999999999645e+00 1.461538461538461342e-01 5.433024155964147894e-01 8.360999999999999543e-01
6.500000000000000000e+00 8.333333333333332871e-02 1.476692133831442266e+00 7.938000000000000611e-01
1.119999999999999751e+01 1.076923076923076705e-01 1.611240104564249265e+00 6.948000000000003062e-01
9.400000000000003908e+00 7.230769230769233669e-02 1.545714441963545349e+00 5.274000000000003130e-01
1.800000000000000000e+01 1.153846153846153910e-01 1.546424902889284914e+00 6.113700000000005241e-01
1.420000000000000284e+01 7.802197802197803622e-02 1.488512953488742685e+00 6.050700000000004408e-01
1.489999999999999858e+01 7.163461538461537992e-02 1.648517172034942080e+00 4.124700000000005029e-01
2.309999999999999432e+01 9.871794871794870030e-02 1.667473670501155247e+00 5.609700000000004128e-01
6.600000000000000533e+00 2.538461538461538741e-02 1.713175707835352002e+00 3.476700000000003676e-01
2.139999999999999858e+01 7.482517482517482554e-02 1.728149037354788975e+00 5.569200000000004147e-01
1.999999999999996447e+00 6.410256410256398758e-03 1.707062234575915660e+00 4.912200000000003786e-01
9.300000000000002487e+00 2.751479289940829062e-02 1.686576056440938665e+00 5.749200000000004307e-01
5.329070518200751394e-15 1.464030362143063607e-17 1.644187230321306314e+00 5.767200000000004545e-01
-3.108624468950438313e-15 -7.970831971667789962e-18 1.588468057352985907e+00 4.705200000000003269e-01
1.180000000000000249e+01 2.836538461538462216e-02 1.564637221762556596e+00 5.551200000000002799e-01
2.400000000000005684e+00 5.429864253393677960e-03 1.548920926624784533e+00 5.560200000000002918e-01
-7.105427357601001859e-15 -1.518253708889103114e-17 1.506722826273523719e+00 5.560200000000002918e-01
1.776356839400250465e-15 3.595864047368928104e-18 1.466536308769500252e+00 5.497200000000002085e-01
7.000000000000072831e-01 1.346153846153860193e-03 1.513737769239992481e+00 3.301200000000001911e-01
2.510000000000000142e+01 4.597069597069597391e-02 1.526251444444442384e+00 5.560200000000001808e-01
0.000000000000000000e+00 0.000000000000000000e+00 1.537821545204483442e+00 5.560200000000001808e-01
1.000000000000000056e-01 3.703703703703703845e-03 1.104921028901948016e-01 8.423999999999999266e-01
6.400000000000000355e+00 1.185185185185185230e-01 5.725427605166510947e-01 8.910000000000000142e-01
1.000000000000000000e+00 1.234567901234567833e-02 1.497436716530015310e+00 8.388000000000001011e-01
6.799999999999998046e+00 6.296296296296294281e-02 1.630246095521038496e+00 8.667000000000003590e-01
3.699999999999999289e+00 2.740740740740740117e-02 1.535429949660843452e+00 6.795000000000001039e-01
2.450000000000000355e+01 1.512345679012346011e-01 1.533664926074703949e+00 8.883000000000000895e-01
1.300000000000000044e+00 6.878306878306878445e-03 1.513084131291246859e+00 7.298999999999998822e-01
1.889999999999999858e+01 8.749999999999999445e-02 1.711042905386674917e+00 8.999999999999999112e-01
-1.776356839400250465e-15 -7.310110450206792657e-18 1.755414902945022115e+00 8.927999999999998160e-01
8.000000000000007105e-01 2.962962962962965418e-03 1.695656356727311520e+00 6.821999999999999176e-01
1.669999999999999574e+01 5.622895622895621170e-02 1.703799454330138685e+00 5.885999999999999011e-01
6.100000000000001421e+00 1.882716049382716569e-02 1.694776974949170789e+00 6.434999999999997389e-01
7.105427357601001859e-15 2.024338278518804049e-17 1.674154121576631571e+00 6.362999999999996437e-01
0.000000000000000000e+00 0.000000000000000000e+00 1.613484841370792955e+00 5.318999999999997064e-01
1.019999999999999929e+01 2.518518518518518198e-02 1.578750178527392523e+00 6.272999999999996357e-01
1.110000000000000142e+01 2.569444444444444683e-02 1.546295447299611769e+00 6.047999999999995602e-01
-5.329070518200751394e-15 -1.161017542091667006e-17 1.521422909267937884e+00 6.047999999999995602e-01
8.881784197001252323e-16 1.827527612551698164e-18 1.478557299276155312e+00 4.463999999999995194e-01
1.760000000000000853e+01 3.430799220272905820e-02 1.472963740878886041e+00 5.246999999999997222e-01
8.900000000000005684e+00 1.648148148148149278e-02 1.504932208892070911e+00 6.047999999999997822e-01
3.552713678800500929e-15 6.265808957320107111e-18 1.544587180797151627e+00 6.047999999999997822e-01
2.000000000000000111e-01 7.142857142857143501e-03 1.099628879881475035e-01 7.946999999999998510e-01
9.500000000000000000e+00 1.696428571428571508e-01 6.253340943782265127e-01 8.801999999999999824e-01
-2.775557561562891351e-17 -3.304235192336775235e-19 1.472687856882619828e+00 8.163000000000001366e-01
7.099999999999997868e+00 6.339285714285712581e-02 1.620735918369132778e+00 8.766000000000002679e-01
4.000000000000021316e-01 2.857142857142872319e-03 1.518361092811346014e+00 6.471000000000003416e-01
2.270000000000000284e+01 1.351190476190476386e-01 1.511430254559929409e+00 8.163000000000002476e-01
3.899999999999997691e+00 1.989795918367345817e-02 1.501075121437936755e+00 7.074000000000000288e-01
1.599999999999999467e+01 7.142857142857141073e-02 1.686179566538583252e+00 8.514000000000001567e-01
-3.552713678800500929e-15 -1.409807015397024100e-17 1.723783214742669267e+00 6.668999999999999373e-01
2.050000000000000000e+01 7.321428571428571785e-02 1.745206810445251833e+00 7.739999999999997993e-01
8.599999999999997868e+00 2.792207792207791403e-02 1.702385520809142960e+00 6.452999999999997627e-01
7.200000000000002842e+00 2.142857142857143571e-02 1.689697171274262777e+00 6.695999999999998620e-01
5.329070518200751394e-15 1.464030362143063607e-17 1.644187230321306314e+00 6.695999999999998620e-01
-3.108624468950438313e-15 -7.930164461608260563e-18 1.584410661052601865e+00 5.075999999999998291e-01
1.170000000000000107e+01 2.785714285714285809e-02 1.559459667892155732e+00 6.128999999999997783e-01
-5.329070518200751394e-15 -1.189524669241239084e-17 1.539973330010249608e+00 6.119999999999997664e-01
-7.105427357601001859e-15 -1.492736839832143183e-17 1.494007638377197633e+00 4.517999999999997573e-01
1.780000000000000426e+01 3.531746031746032383e-02 1.479577474278906957e+00 5.588999999999997303e-01
5.300000000000004263e+00 9.962406015037601412e-03 1.503402906521924987e+00 3.257999999999998675e-01
4.600000000000001421e+00 8.214285714285717369e-03 1.548491324694155846e+00 3.671999999999998598e-01
0.000000000000000000e+00 0.000000000000000000e+00 1.144702942944678115e-01 8.225999999999998868e-01
8.599999999999999645e+00 1.482758620689655082e-01 6.253940493829207581e-01 9.000000000000000222e-01
-2.775557561562891351e-17 -3.190296047773438290e-19 1.447073940234481215e+00 7.056000000000001160e-01
5.999999999999998224e+00 5.172413793103446816e-02 1.595385736440579461e+00 7.479000000000002313e-01
1.299999999999999156e+00 8.965517241379304669e-03 1.496013887146465215e+00 6.066000000000002501e-01
1.700000000000000355e+01 9.770114942528737578e-02 1.502371842144162528e+00 4.077000000000003399e-01
2.050000000000000000e+01 1.009852216748768489e-01 1.610403068836052887e+00 3.672000000000005260e-01
2.499999999999999289e+01 1.077586206896551380e-01 1.671626858939856852e+00 5.337000000000003963e-01
6.500000000000000888e+00 2.490421455938697515e-02 1.709908158459213512e+00 3.996000000000002328e-01
2.139999999999999503e+01 7.379310344827584578e-02 1.717296218484569703e+00 5.922000000000002817e-01
-3.552713678800500929e-15 -1.113703347586363884e-17 1.690393287695097113e+00 5.922000000000002817e-01
7.105427357601001859e-15 2.041789470575000506e-17 1.681354817695689619e+00 5.994000000000003769e-01
0.000000000000000000e+00 0.000000000000000000e+00 1.615623324537762029e+00 4.950000000000004396e-01
1.010000000000000142e+01 2.487684729064039771e-02 1.576816915757384807e+00 5.554800000000006399e-01
1.220000000000000107e+01 2.804597701149425665e-02 1.543021248265479262e+00 5.599800000000006994e-01
-7.105427357601001859e-15 -1.531342102931250379e-17 1.513203384465756640e+00 5.599800000000006994e-01
1.776356839400250465e-15 3.603157889250000893e-18 1.468022914633987153e+00 5.392800000000006477e-01
2.300000000000006928e+00 4.406130268199246955e-03 1.511653243487009135e+00 3.115800000000005787e-01
2.760000000000000142e+01 5.009074410163339569e-02 1.520266892858722407e+00 3.115800000000005787e-01
0.000000000000000000e+00 0.000000000000000000e+00 1.125462867742275525e-01 7.883999999999998787e-01
1.240000000000000036e+01 2.066666666666666652e-01 7.098982712724094535e-01 9.000000000000000222e-01
7.216449660063517513e-16 8.018277400070574261e-18 1.423298204094200825e+00 8.352000000000002755e-01
7.199999999999999289e+00 5.999999999999999084e-02 1.576197957110717640e+00 6.480000000000003535e-01
1.509999999999999787e+01 1.006666666666666543e-01 1.572534966931489864e+00 6.543000000000004368e-01
1.440000000000000391e+01 8.000000000000001554e-02 1.496603562144037669e+00 3.483000000000003316e-01
2.379999999999999716e+01 1.133333333333333137e-01 1.695431770638054392e+00 5.625000000000003331e-01
-1.776356839400250465e-15 -7.401486830834376833e-18 1.766352173265569370e+00 6.126300000000003410e-01
8.000000000000007105e-01 2.962962962962965418e-03 1.695656356727311520e+00 5.235300000000002729e-01
1.069999999999999574e+01 3.566666666666665209e-02 1.708496772669536590e+00 5.316300000000001580e-01
9.800000000000002487e+00 2.969696969696970432e-02 1.698474332949363896e+00 6.180300000000000793e-01
2.000000000000046185e-01 5.555555555555683487e-04 1.653262673967994312e+00 6.162300000000000555e-01
-3.108624468950438313e-15 -7.970831971667789962e-18 1.588468057352985907e+00 5.109300000000002173e-01
1.170000000000000107e+01 2.785714285714285809e-02 1.559459667892155732e+00 5.703300000000002257e-01
-5.329070518200751394e-15 -1.184237892933500386e-17 1.536547356178057377e+00 5.694300000000002138e-01
8.881784197001252323e-16 1.850371707708594208e-18 1.487769583414492836e+00 3.822300000000000697e-01
2.080000000000000426e+01 4.078431372549020523e-02 1.472926715876311299e+00 4.893300000000001537e-01
8.900000000000005684e+00 1.648148148148149278e-02 1.504932208892070911e+00 3.201300000000002477e-01
0.000000000000000000e+00 0.000000000000000000e+00 1.107161438821323562e-01 7.190999999999999615e-01
1.780000000000000071e+01 2.870967741935483986e-01 8.258883527934733904e-01 8.793000000000000815e-01
7.216449660063517513e-16 7.759623290390878317e-18 1.400153601404817705e+00 7.722000000000004416e-01
1.189999999999999858e+01 9.596774193548386622e-02 1.571233293777708262e+00 7.218000000000004412e-01
1.750000000000000000e+01 1.129032258064516098e-01 1.551095749105392718e+00 8.298000000000005372e-01
5.500000000000000000e+00 2.956989247311828106e-02 1.513571873089452957e+00 7.056000000000003380e-01
1.929999999999999716e+01 8.894009216589859879e-02 1.707227056433180845e+00 6.201000000000004286e-01
-1.776356839400250465e-15 -7.162729191130041997e-18 1.737629085481040558e+00 4.482000000000002649e-01
1.910000000000000142e+01 6.845878136200717057e-02 1.746519772691217609e+00 5.706000000000001071e-01
5.499999999999998224e+00 1.774193548387096100e-02 1.706129764148197170e+00 5.976000000000001311e-01
2.500000000000000000e+00 7.331378299120235031e-03 1.693520229292011514e+00 6.048000000000002263e-01
9.999999999999964473e-02 2.688172043010742928e-04 1.626436480979826626e+00 5.846400000000002706e-01
9.900000000000002132e+00 2.456575682382134557e-02 1.581975709023077048e+00 4.640400000000002301e-01
1.310000000000000142e+01 3.018433179723502627e-02 1.544153971195591613e+00 5.850900000000002210e-01
-7.105427357601001859e-15 -1.528048894107742334e-17 1.511575408325288805e+00 5.481900000000001771e-01
4.100000000000002309e+00 8.266129032258070011e-03 1.470843041169241694e+00 5.841900000000000981e-01
1.000000000000067502e-01 1.897533206831247734e-04 1.506865994467988301e+00 3.042900000000002270e-01
1.130000000000000071e+01 2.025089605734767262e-02 1.537780580147378506e+00 3.042900000000002270e-01
0.000000000000000000e+00 0.000000000000000000e+00 1.089724735885168327e-01 6.938999999999998503e-01
2.289999999999999858e+01 3.578124999999999778e-01 9.104951756290363685e-01 8.757000000000000339e-01
2.699999999999999734e+00 2.812499999999999722e-02 1.405102541112806636e+00 8.046000000000004260e-01
1.060000000000000142e+01 8.281250000000001110e-02 1.555389288841783735e+00 5.859000000000004205e-01
2.370000000000000284e+01 1.481250000000000067e-01 1.542966780062033694e+00 7.983000000000003427e-01
9.999999999999831246e-02 5.208333333333245441e-04 1.502168481029776181e+00 6.552000000000002267e-01
1.599999999999999467e+01 7.142857142857141073e-02 1.686179566538583252e+00 7.416000000000003700e-01
6.400000000000002132e+00 2.500000000000000833e-02 1.725022644778902547e+00 5.976000000000003531e-01
2.239999999999999503e+01 7.777777777777776513e-02 1.722499977602178545e+00 7.991999999999999105e-01
0.000000000000000000e+00 0.000000000000000000e+00 1.687749981484224282e+00 7.991999999999999105e-01
5.329070518200751394e-15 1.513940488125213352e-17 1.671774370378534602e+00 8.042400000000000659e-01
-3.108624468950438313e-15 -8.095376221225100288e-18 1.600829862914856960e+00 6.980400000000002159e-01
1.180000000000000249e+01 2.836538461538462216e-02 1.564637221762556596e+00 8.042400000000001770e-01
-5.329070518200751394e-15 -1.189524669241239084e-17 1.539973330010249608e+00 8.042400000000001770e-01
8.881784197001252323e-16 1.850371707708594208e-18 1.487769583414492836e+00 6.350400000000002709e-01
1.880000000000000426e+01 3.671875000000000833e-02 1.473390069159703941e+00 4.010400000000003962e-01
1.960000000000000142e+01 3.602941176470588619e-02 1.519961434984727022e+00 3.281400000000004313e-01
0.000000000000000000e+00 0.000000000000000000e+00 1.073086739977319598e-01 6.731999999999999096e-01
1.819999999999999929e+01 2.757575757575757569e-01 1.029277564540707290e+00 4.508999999999999675e-01
1.569999999999999929e+01 1.585858585858585801e-01 1.576917470026496959e+00 5.238000000000000433e-01
7.600000000000003197e+00 5.757575757575759956e-02 1.539338760643142345e+00 3.708000000000001295e-01
2.460000000000000497e+01 1.490909090909091073e-01 1.521029084726528646e+00 4.491000000000001102e-01
1.589999999999999858e+01 8.030303030303029277e-02 1.608740617010430363e+00 3.708000000000002960e-01
2.459999999999999787e+01 1.064935064935064873e-01 1.675130362233732129e+00 5.427000000000001823e-01
5.500000000000000000e+00 2.083333333333333218e-02 1.704289837735970758e+00 4.418999999999999595e-01
1.669999999999999574e+01 5.622895622895621170e-02 1.703799454330138685e+00 5.040000000000001146e-01
9.800000000000002487e+00 2.969696969696970432e-02 1.698474332949363896e+00 5.922000000000000597e-01
5.329070518200751394e-15 1.468063503636570673e-17 1.646450393443915861e+00 5.778000000000000913e-01
1.599999999999994760e+00 4.040404040404027390e-03 1.577984214175064404e+00 3.924000000000000266e-01
1.580000000000000249e+01 3.682983682983683588e-02 1.545305009518540773e+00 5.345999999999999641e-01
-5.329070518200751394e-15 -1.153478467143019858e-17 1.516475179387044792e+00 5.435999999999999721e-01
1.000000000000001776e+00 2.020202020202023670e-03 1.465742118924006965e+00 5.462999999999998968e-01
7.000000000000046185e-01 1.325757575757584511e-03 1.505664224692333297e+00 5.372999999999998888e-01
1.700000000000002842e+00 3.030303030303035505e-03 1.551966637183929132e+00 5.372999999999998888e-01
0.000000000000000000e+00 0.000000000000000000e+00 1.057188279741848730e-01 8.009999999999997122e-01
1.019999999999999929e+01 1.499999999999999944e-01 1.246111599194493769e+00 7.379999999999999893e-01
1.719999999999999929e+01 1.686274509803921406e-01 1.561420946129245868e+00 8.694000000000002837e-01
2.600000000000001421e+00 1.911764705882354129e-02 1.532803789383169857e+00 6.984000000000002428e-01
2.160000000000000497e+01 1.270588235294118074e-01 1.504337902850139796e+00 7.218000000000003302e-01
1.900000000000000000e+01 9.313725490196078649e-02 1.610337913870056870e+00 4.959000000000002850e-01
9.199999999999992184e+00 3.865546218487391633e-02 1.718344388042031268e+00 5.787000000000001032e-01
0.000000000000000000e+00 0.000000000000000000e+00 1.689783313640782714e+00 4.680000000000001381e-01
1.229999999999999893e+01 4.019607843137254499e-02 1.701129563442657977e+00 5.292000000000001148e-01
5.500000000000000000e+00 1.617647058823529563e-02 1.688125508830434551e+00 5.787000000000001032e-01
0.000000000000000000e+00 0.000000000000000000e+00 1.622090154889128000e+00 4.671000000000000152e-01
1.090000000000000036e+01 2.671568627450980615e-02 1.573227916110202740e+00 5.436000000000000831e-01
2.400000000000005684e+00 5.429864253393677960e-03 1.548920926624784533e+00 5.658300000000000551e-01
-7.105427357601001859e-15 -1.492736839832143183e-17 1.494007638377197633e+00 3.741300000000000181e-01
2.080000000000000426e+01 4.078431372549020523e-02 1.472926715876311299e+00 3.849299999999999944e-01
1.960000000000000142e+01 3.602941176470588619e-02 1.519961434984727022e+00 3.120300000000000296e-01
0.000000000000000000e+00 0.000000000000000000e+00 1.041976144503455326e-01 6.731999999999999096e-01
2.500000000000000000e+00 3.571428571428571230e-02 1.403061521335775552e+00 6.183000000000001828e-01
8.599999999999997868e+00 8.190476190476188301e-02 1.624970678263278678e+00 6.921000000000003816e-01
4.000000000000021316e-01 2.857142857142872319e-03 1.518361092811346014e+00 4.626000000000005663e-01
1.390000000000000213e+01 7.942857142857144559e-02 1.517339669773840605e+00 3.735000000000005538e-01
2.379999999999999716e+01 1.133333333333333137e-01 1.695431770638054392e+00 5.877000000000005553e-01
-1.776356839400250465e-15 -7.250436079184696428e-18 1.748235261803240403e+00 4.032000000000003914e-01
2.050000000000000000e+01 7.321428571428571785e-02 1.745206810445251833e+00 4.680000000000003046e-01
-3.552713678800500929e-15 -1.127845612317619342e-17 1.701092086194714303e+00 6.156000000000004801e-01
7.105427357601001859e-15 2.030122102171714815e-17 1.676544064437317516e+00 6.228000000000005754e-01
-3.108624468950438313e-15 -8.074349270001138084e-18 1.598749511336907458e+00 5.175000000000005151e-01
1.170000000000000107e+01 2.785714285714285809e-02 1.559459667892155732e+00 6.228000000000004643e-01
-5.329070518200751394e-15 -1.171224289714450855e-17 1.528095848785973043e+00 6.228000000000004643e-01
1.776356839400250465e-15 3.625218039592348214e-18 1.472510004816848239e+00 5.985000000000005871e-01
2.700000000000007283e+00 5.142857142857156470e-03 1.507540484672027059e+00 5.814000000000008050e-01
4.600000000000001421e+00 8.214285714285717369e-03 1.548491324694155846e+00 6.228000000000007974e-01
0.000000000000000000e+00 0.000000000000000000e+00 1.027402333828162789e-01 8.648999999999997801e-01
3.100000000000000533e+00 4.305555555555556219e-02 1.389027076458843712e+00 8.316000000000000059e-01
6.799999999999998046e+00 6.296296296296294281e-02 1.630246095521038496e+00 8.928000000000002601e-01
-8.881784197001252323e-16 -6.167905692361980438e-18 1.497312407096276221e+00 7.632000000000003226e-01
1.440000000000000391e+01 8.000000000000001554e-02 1.496603562144037669e+00 7.227000000000002311e-01
1.889999999999999858e+01 8.749999999999999445e-02 1.711042905386674917e+00 8.928000000000002601e-01
-3.552713678800500929e-15 -1.409807015397024100e-17 1.723783214742669267e+00 6.912000000000002586e-01
2.239999999999999503e+01 7.777777777777776513e-02 1.722499977602178545e+00 5.958000000000002183e-01
6.100000000000001421e+00 1.882716049382716569e-02 1.694776974949170789e+00 6.489000000000000323e-01
2.000000000000046185e-01 5.555555555555683487e-04 1.653262673967994312e+00 6.327000000000000401e-01
1.599999999999994760e+00 4.040404040404027390e-03 1.577984214175064404e+00 5.472000000000002418e-01
1.110000000000000142e+01 2.569444444444444683e-02 1.546295447299611769e+00 6.471000000000001195e-01
-7.105427357601001859e-15 -1.518253708889103114e-17 1.506722826273523719e+00 4.869000000000001105e-01
1.780000000000000426e+01 3.531746031746032383e-02 1.479577474278906957e+00 5.670000000000002816e-01
8.900000000000005684e+00 1.648148148148149278e-02 1.504932208892070911e+00 3.978000000000003200e-01
0.000000000000000000e+00 0.000000000000000000e+00 1.013423419419063470e-01 8.189999999999999503e-01
9.000000000000000000e+00 1.216216216216216284e-01 1.450095082648615197e+00 8.487000000000001210e-01
5.699999999999998401e+00 5.135135135135134032e-02 1.623024918342671929e+00 7.911000000000000254e-01
1.209999999999999787e+01 8.175675675675674048e-02 1.574459888607113500e+00 8.244000000000001327e-01
8.400000000000000355e+00 4.540540540540540654e-02 1.502212052894887906e+00 7.595999999999998309e-01
1.559999999999999787e+01 7.027027027027026029e-02 1.693607195414387201e+00 6.065999999999999170e-01
7.200000000000001066e+00 2.779922779922780474e-02 1.716038183868183076e+00 3.824999999999998401e-01
1.709999999999999787e+01 5.777027027027026307e-02 1.706468346467206354e+00 4.832999999999997853e-01
5.900000000000002132e+00 1.771771771771772294e-02 1.695839694270971254e+00 5.363999999999997659e-01
0.000000000000000000e+00 0.000000000000000000e+00 1.630818066973617864e+00 6.470999999999997865e-01
1.069999999999999929e+01 2.628992628992628949e-02 1.575135966042342073e+00 7.379999999999998783e-01
6.000000000000049738e-01 1.351351351351362485e-03 1.546631903822495380e+00 7.440299999999998581e-01
8.881784197001252323e-16 1.846524781081341542e-18 1.486222240735398659e+00 5.505299999999998528e-01
7.105427357601001859e-15 1.371704123088996530e-17 1.516473250568937559e+00 3.651299999999998436e-01
2.060000000000000142e+01 3.711711711711711964e-02 1.524452574844572750e+00 5.505299999999998528e-01
0.000000000000000000e+00 0.000000000000000000e+00 1.000000000000000056e-01 5.948999999999999844e-01
1.080000000000000071e+01 1.421052631578947345e-01 1.443703493932653625e+00 6.390000000000002345e-01
5.899999999999998579e+00 5.175438596491226811e-02 1.609305857561736941e+00 5.490000000000003766e-01
1.589999999999999858e+01 1.046052631578947290e-01 1.564589185015362371e+00 7.479000000000005643e-01
8.000000000000000444e-01 4.210526315789473589e-03 1.509542683587783429e+00 5.787000000000005473e-01
1.959999999999999432e+01 8.596491228070173019e-02 1.675775661878489808e+00 7.245000000000004770e-01
3.400000000000000355e+00 1.278195488721804718e-02 1.705030748905123961e+00 6.399000000000002464e-01
1.279999999999999893e+01 4.210526315789473589e-02 1.704001726424157370e+00 7.542000000000000925e-01
1.000000000000014211e-01 2.923976608187176299e-04 1.696030772816302878e+00 7.551000000000001044e-01
0.000000000000000000e+00 0.000000000000000000e+00 1.609233227020672841e+00 6.354000000000001869e-01
1.330000000000000249e+01 3.181818181818182184e-02 1.561993893675627465e+00 5.751000000000001666e-01
-5.329070518200751394e-15 -1.168655815394901557e-17 1.526419385474017565e+00 5.751000000000001666e-01
1.776356839400250465e-15 3.595864047368928104e-18 1.466536308769500252e+00 5.274000000000002020e-01
5.300000000000004263e+00 9.962406015037601412e-03 1.503402906521924987e+00 5.751000000000002776e-01
0.000000000000000000e+00 0.000000000000000000e+00 9.870962335856491021e-02 8.342999999999999305e-01
6.500000000000000000e+00 8.333333333333332871e-02 1.476692133831442266e+00 8.397000000000001130e-01
5.899999999999998579e+00 5.042735042735041473e-02 1.588614616125696211e+00 7.308000000000003382e-01
1.800000000000000000e+01 1.153846153846153910e-01 1.546424902889284914e+00 8.811000000000002164e-01
1.299999999999998268e+00 6.666666666666657554e-03 1.493475267980148402e+00 4.743000000000003324e-01
2.309999999999999432e+01 9.871794871794870030e-02 1.667473670501155247e+00 6.822000000000001396e-01
0.000000000000000000e+00 0.000000000000000000e+00 1.686685633100734272e+00 6.641999999999997906e-01
1.999999999999996447e+00 6.410256410256398758e-03 1.707062234575915660e+00 6.821999999999996955e-01
7.105427357601001859e-15 2.024338278518804049e-17 1.674154121576631571e+00 6.821999999999996955e-01
-3.108624468950438313e-15 -7.970831971667789962e-18 1.588468057352985907e+00 5.399999999999998135e-01
1.580000000000000249e+01 3.682983682983683588e-02 1.545305009518540773e+00 6.821999999999998066e-01
-7.105427357601001859e-15 -1.518253708889103114e-17 1.506722826273523719e+00 5.003999999999998449e-01
2.020000000000000284e+01 3.984220907297830738e-02 1.476412296408975644e+00 4.563000000000000389e-01
2.510000000000000142e+01 4.597069597069597391e-02 1.526251444444442384e+00 4.329000000000000625e-01
0.000000000000000000e+00 0.000000000000000000e+00 9.746794344808963617e-02 8.693999999999999506e-01
2.600000000000000089e+00 3.250000000000000111e-02 1.495808727745629785e+00 6.597000000000000641e-01
7.199999999999999289e+00 5.999999999999999084e-02 1.576197957110717640e+00 3.924000000000002486e-01
2.370000000000000284e+01 1.481250000000000067e-01 1.542966780062033694e+00 4.194000000000001616e-01
2.069999999999999929e+01 1.034999999999999948e-01 1.620320261553252150e+00 6.057000000000001272e-01
-1.776356839400250465e-15 -7.401486830834376833e-18 1.766352173265569370e+00 4.211999999999999633e-01
2.050000000000000000e+01 7.321428571428571785e-02 1.745206810445251833e+00 6.510599999999995280e-01
0.000000000000000000e+00 0.000000000000000000e+00 1.687749981484224282e+00 6.492599999999995042e-01
2.000000000000046185e-01 5.555555555555683487e-04 1.653262673967994312e+00 6.517799999999995819e-01
2.300000000000000711e+00 5.750000000000001638e-03 1.572304657978217612e+00 6.229799999999996452e-01
5.500000000000005329e+00 1.250000000000001284e-02 1.548255066195489693e+00 6.238799999999996571e-01
8.881784197001252323e-16 1.850371707708594208e-18 1.487769583414492836e+00 6.175799999999996848e-01
7.000000000000072831e-01 1.346153846153860193e-03 1.513737769239992481e+00 3.169799999999998175e-01
0.000000000000000000e+00 0.000000000000000000e+00 9.627197246824659160e-02 8.928000000000000380e-01
8.000000000000000444e-01 9.756097560975609748e-03 1.488460471311865652e+00 6.453000000000002068e-01
1.139999999999999858e+01 9.268292682926827786e-02 1.577183386943309840e+00 5.211000000000003407e-01
2.520000000000000284e+01 1.536585365853658791e-01 1.524530725234235495e+00 5.976000000000003531e-01
1.669999999999999929e+01 8.146341463414634443e-02 1.615035393368282390e+00 7.479000000000002313e-01
-1.776356839400250465e-15 -7.220962761789636799e-18 1.744678319640726727e+00 5.508000000000001783e-01
2.189999999999999858e+01 7.630662020905923382e-02 1.725317609519835260e+00 6.929999999999998384e-01
6.100000000000001421e+00 1.859756097560975874e-02 1.695291681930669814e+00 7.659000000000000252e-01
0.000000000000000000e+00 0.000000000000000000e+00 1.633026352436076634e+00 7.479000000000001203e-01
1.109999999999999964e+01 2.707317073170731683e-02 1.569643029019172520e+00 6.426000000000000600e-01
-5.329070518200751394e-15 -1.181612088292849532e-17 1.534842921536785365e+00 6.426000000000000600e-01
1.776356839400250465e-15 3.610481380894818400e-18 1.469514050533524907e+00 5.724000000000002419e-01
7.800000000000004263e+00 1.463414634146342243e-02 1.505852157354644394e+00 3.618000000000002880e-01
0.000000000000000000e+00 0.000000000000000000e+00 9.511897312113418157e-02 9.000000000000000222e-01
-2.775557561562891351e-17 -3.304235192336775235e-19 1.472687856882619828e+00 6.417000000000002702e-01
1.259999999999999787e+01 9.999999999999997780e-02 1.559151173219704534e+00 5.508000000000002894e-01
2.270000000000000284e+01 1.351190476190476386e-01 1.511430254559929409e+00 5.409000000000001585e-01
2.379999999999999716e+01 1.133333333333333137e-01 1.695431770638054392e+00 7.551000000000001044e-01
-3.552713678800500929e-15 -1.409807015397024100e-17 1.723783214742669267e+00 5.813999999999999169e-01
1.929999999999999716e+01 6.564625850340134738e-02 1.707967550563686210e+00 6.902999999999996916e-01
7.200000000000002842e+00 2.142857142857143571e-02 1.689697171274262777e+00 7.550999999999996604e-01
0.000000000000000000e+00 0.000000000000000000e+00 1.613484841370792955e+00 6.497999999999997112e-01
1.170000000000000107e+01 2.785714285714285809e-02 1.559459667892155732e+00 5.894999999999996909e-01
-5.329070518200751394e-15 -1.153478467143019858e-17 1.516475179387044792e+00 4.292999999999996819e-01
1.780000000000000426e+01 3.531746031746032383e-02 1.479577474278906957e+00 3.635999999999999233e-01
2.510000000000000142e+01 4.597069597069597391e-02 1.526251444444442384e+00 5.894999999999999130e-01
0.000000000000000000e+00 0.000000000000000000e+00 9.400643223910574997e-02 8.927999999999999270e-01
-2.775557561562891351e-17 -3.227392513445222456e-19 1.455462844947700951e+00 8.037000000000003030e-01
9.900000000000003908e+00 7.674418604651166154e-02 1.550869305011188803e+00 8.726400000000004153e-01
2.030000000000000426e+01 1.180232558139535093e-01 1.497971744825774776e+00 7.235999999999999099e-01
1.960000000000000142e+01 9.116279069767442567e-02 1.714172400901034399e+00 8.315999999999998948e-01
7.600000000000000533e+00 2.945736434108527438e-02 1.719153527999568665e+00 8.081999999999996964e-01
1.019999999999999574e+01 3.388704318936875542e-02 1.705934874064578333e+00 8.999999999999994671e-01
7.105427357601001859e-15 2.065531208604942372e-17 1.691101883801017225e+00 9.000000000000000222e-01
-3.108624468950438313e-15 -8.032621366796997600e-18 1.594613024427687931e+00 7.002000000000000446e-01
1.450000000000000178e+01 3.372093023255814254e-02 1.544849692780127848e+00 6.776999999999999691e-01
-7.105427357601001859e-15 -1.502204515349049082e-17 1.498738017406743506e+00 6.516000000000000680e-01
2.900000000000006573e+00 5.620155038759702855e-03 1.516174872273876373e+00 6.111000000000001986e-01
0.000000000000000000e+00 0.000000000000000000e+00 9.293203772845851085e-02 8.900999999999998913e-01
3.000000000000007105e-01 3.409090909090917165e-03 1.439179758785946062e+00 8.244000000000002437e-01
7.600000000000003197e+00 5.757575757575759956e-02 1.539338760643142345e+00 7.659000000000002473e-01
1.410000000000000320e+01 8.011363636363638685e-02 1.513050045977406333e+00 7.353000000000001757e-01
1.750000000000000000e+01 7.954545454545454419e-02 1.698418990153991004e+00 8.433000000000002716e-01
5.500000000000000000e+00 2.083333333333333218e-02 1.704289837735970758e+00 8.153999999999999027e-01
8.599999999999997868e+00 2.792207792207791403e-02 1.702385520809142960e+00 8.927999999999998160e-01
5.329070518200751394e-15 1.513940488125213352e-17 1.671774370378534602e+00 8.783999999999998476e-01
1.599999999999994760e+00 4.040404040404027390e-03 1.577984214175064404e+00 6.713999999999998858e-01
5.500000000000005329e+00 1.250000000000001284e-02 1.548255066195489693e+00 6.704999999999998739e-01
8.881784197001252323e-16 1.835079379545713341e-18 1.481609020374875518e+00 8.223300000000002274e-01
7.000000000000046185e-01 1.325757575757584511e-03 1.505664224692333297e+00 5.478300000000003722e-01
0.000000000000000000e+00 0.000000000000000000e+00 9.189365834726814786e-02 9.000000000000000222e-01
7.216449660063517513e-16 8.018277400070574261e-18 1.423298204094200825e+00 6.444000000000003059e-01
3.699999999999999289e+00 2.740740740740740117e-02 1.535429949660843452e+00 5.481000000000005867e-01
1.440000000000000391e+01 8.000000000000001554e-02 1.496603562144037669e+00 5.265000000000004121e-01
1.679999999999999716e+01 7.466666666666665897e-02 1.683126191875635280e+00 6.705000000000003180e-01
8.000000000000007105e-01 2.962962962962965418e-03 1.695656356727311520e+00 6.776999999999999691e-01
-3.552713678800500929e-15 -1.127845612317619342e-17 1.701092086194714303e+00 5.246999999999998332e-01
2.000000000000046185e-01 5.555555555555683487e-04 1.653262673967994312e+00 4.184999999999997056e-01
1.019999999999999929e+01 2.518518518518518198e-02 1.578750178527392523e+00 5.921999999999997266e-01
-5.329070518200751394e-15 -1.184237892933500386e-17 1.536547356178057377e+00 5.822999999999997067e-01
1.000000000000001776e+00 2.020202020202023670e-03 1.465742118924006965e+00 5.111999999999998767e-01
8.900000000000005684e+00 1.648148148148149278e-02 1.504932208892070911e+00 5.912999999999999368e-01
0.000000000000000000e+00 0.000000000000000000e+00 9.088932591463856625e-02 8.927999999999999270e-01
7.216449660063517513e-16 7.843967021808170607e-18 1.407742565398511392e+00 8.856000000000002759e-01
8.000000000000007105e-01 5.797101449275367593e-03 1.527941122810105856e+00 7.893000000000003347e-01
1.150000000000000000e+01 6.250000000000000000e-02 1.488235112473832222e+00 6.813000000000002387e-01
2.349999999999999645e+01 1.021739130434782400e-01 1.677483769173701900e+00 8.055000000000001048e-01
9.699999999999999289e+00 3.514492753623188470e-02 1.724471242425495099e+00 8.927999999999998160e-01
0.000000000000000000e+00 0.000000000000000000e+00 1.682500357627346510e+00 8.927999999999998160e-01
0.000000000000000000e+00 0.000000000000000000e+00 1.635243632958231386e+00 7.721999999999997755e-01
8.599999999999999645e+00 2.077294685990338161e-02 1.564584920226914866e+00 8.495999999999997998e-01
-5.329070518200751394e-15 -1.158493590913206762e-17 1.519768288974971737e+00 6.731999999999997986e-01
1.960000000000000142e+01 3.873517786561265358e-02 1.477660252950545372e+00 6.039000000000002144e-01
2.730000000000000071e+01 4.945652173913043376e-02 1.518962172485863293e+00 6.039000000000002144e-01
4.000000000000000222e-01 8.510638297872340566e-03 1.068500385488486693e-01 9.000000000000000222e-01
7.216449660063517513e-16 7.677074106450550841e-18 1.392686062285792392e+00 8.982000000000003315e-01
2.000000000000028422e-01 1.418439716312076999e-03 1.513063015923801879e+00 6.624000000000004329e-01
2.899999999999999911e+00 1.542553191489361673e-02 1.512545525879720021e+00 5.022000000000004238e-01
2.069999999999999218e+01 8.808510638297868678e-02 1.671852887625967732e+00 5.112000000000000988e-01
1.969999999999999929e+01 6.985815602836879801e-02 1.739786603778980201e+00 6.065999999999999170e-01
9.100000000000001421e+00 2.765957446808511161e-02 1.700650955177016810e+00 7.212600000000001232e-01
0.000000000000000000e+00 0.000000000000000000e+00 1.617770333225278856e+00 5.979600000000000470e-01
1.370000000000000107e+01 3.238770685579196729e-02 1.555487721903675569e+00 5.556600000000000428e-01
-7.105427357601001859e-15 -1.511793054808723825e-17 1.503513615332219722e+00 5.484599999999999476e-01
8.000000000000069278e-01 1.547388781431348033e-03 1.517530546497546595e+00 5.556599999999999318e-01
2.799999999999999822e+00 5.833333333333332732e-02 3.575572992154156249e-01 5.606999999999998652e-01
2.699999999999999734e+00 2.812499999999999722e-02 1.405102541112806636e+00 5.849999999999999645e-01
-8.881784197001252323e-16 -6.167905692361980438e-18 1.497312407096276221e+00 5.840999999999998415e-01
9.999999999999831246e-02 5.208333333333245441e-04 1.502168481029776181e+00 5.849999999999998535e-01
-1.776356839400250465e-15 -7.401486830834376833e-18 1.766352173265569370e+00 3.833999999999997410e-01
2.239999999999999503e+01 7.777777777777776513e-02 1.722499977602178545e+00 5.201999999999996627e-01
7.200000000000002842e+00 2.142857142857143571e-02 1.689697171274262777e+00 5.462999999999997858e-01
-3.108624468950438313e-15 -8.095376221225100288e-18 1.600829862914856960e+00 4.463999999999999080e-01
1.110000000000000142e+01 2.569444444444444683e-02 1.546295447299611769e+00 5.620499999999999385e-01
8.881784197001252323e-16 1.850371707708594208e-18 1.487769583414492836e+00 5.557499999999998552e-01
7.000000000000046185e-01 1.325757575757584511e-03 1.505664224692333297e+00 5.620499999999998275e-01
5.599999999999999645e+00 1.142857142857142821e-01 5.248906591678238476e-01 7.883999999999999897e-01
1.240000000000000036e+01 1.265306122448979498e-01 1.552519415265772418e+00 8.082000000000000295e-01
1.019999999999999929e+01 6.938775510204081565e-02 1.572623452424440904e+00 8.649000000000000021e-01
3.899999999999997691e+00 1.989795918367345817e-02 1.501075121437936755e+00 8.999999999999999112e-01
-1.776356839400250465e-15 -7.250436079184696428e-18 1.748235261803240403e+00 6.074999999999999289e-01
1.929999999999999716e+01 6.564625850340134738e-02 1.707967550563686210e+00 7.811999999999996724e-01
3.552713678800500929e-15 1.035776582740670808e-17 1.693565252745261818e+00 7.811999999999996724e-01
-3.108624468950438313e-15 -7.930164461608260563e-18 1.584410661052601865e+00 7.514999999999998348e-01
3.300000000000004263e+00 7.482993197278920913e-03 1.550075198323961123e+00 7.505999999999998229e-01
1.776356839400250465e-15 3.625218039592348214e-18 1.472510004816848239e+00 6.894000000000001238e-01
6.800000000000005151e+00 1.261595547309833990e-02 1.503646903434860516e+00 5.013000000000001899e-01
7.000000000000000000e+00 1.400000000000000133e-01 5.499090833947007928e-01 7.434000000000000608e-01
1.739999999999999858e+01 1.739999999999999880e-01 1.576491040253638731e+00 7.641000000000000014e-01
1.509999999999999787e+01 1.006666666666666543e-01 1.572534966931489864e+00 7.137000000000000011e-01
2.069999999999999929e+01 1.034999999999999948e-01 1.620320261553252150e+00 8.999999999999999112e-01
-3.552713678800500929e-15 -1.421085471520200401e-17 1.730664612222714727e+00 8.036999999999997479e-01
1.069999999999999574e+01 3.566666666666665209e-02 1.708496772669536590e+00 8.999999999999994671e-01
7.105427357601001859e-15 2.030122102171714815e-17 1.676544064437317516e+00 8.792999999999995264e-01
2.300000000000000711e+00 5.750000000000001638e-03 1.572304657978217612e+00 8.999999999999995781e-01
-5.329070518200751394e-15 -1.184237892933500386e-17 1.536547356178057377e+00 7.928999999999996051e-01
1.180000000000000249e+01 2.360000000000000639e-02 1.478500267162640602e+00 3.986999999999997768e-01
7.599999999999999645e+00 1.490196078431372528e-01 5.482136942082834752e-01 7.452000000000000846e-01
1.719999999999999929e+01 1.686274509803921406e-01 1.561420946129245868e+00 7.560000000000000053e-01
1.600000000000000000e+01 1.045751633986928136e-01 1.559467810566669277e+00 4.743000000000000549e-01
1.900000000000000000e+01 9.313725490196078649e-02 1.610337913870056870e+00 6.048000000000001153e-01
4.499999999999996447e+00 1.764705882352939764e-02 1.724393145013566997e+00 5.345999999999996311e-01
1.229999999999999893e+01 4.019607843137254499e-02 1.701129563442657977e+00 6.407999999999994811e-01
5.000000000000053291e-01 1.400560224089650828e-03 1.660101326359688878e+00 5.471999999999995756e-01
1.090000000000000036e+01 2.671568627450980615e-02 1.573227916110202740e+00 6.452999999999996517e-01
-5.329070518200751394e-15 -1.161017542091667006e-17 1.521422909267937884e+00 4.535999999999996701e-01
2.080000000000000426e+01 4.078431372549020523e-02 1.472926715876311299e+00 6.254999999999998339e-01
7.599999999999999645e+00 1.461538461538461342e-01 5.433024155964147894e-01 7.992000000000001325e-01
1.119999999999999751e+01 1.076923076923076705e-01 1.611240104564249265e+00 7.380000000000001004e-01
1.800000000000000000e+01 1.153846153846153910e-01 1.546424902889284914e+00 7.659000000000000252e-01
1.489999999999999858e+01 7.163461538461537992e-02 1.648517172034942080e+00 8.405999999999999028e-01
6.600000000000000533e+00 2.538461538461538741e-02 1.713175707835352002e+00 8.819999999999995621e-01
1.999999999999996447e+00 6.410256410256398758e-03 1.707062234575915660e+00 8.999999999999994671e-01
5.329070518200751394e-15 1.464030362143063607e-17 1.644187230321306314e+00 7.496999999999995890e-01
1.180000000000000249e+01 2.836538461538462216e-02 1.564637221762556596e+00 6.758999999999995012e-01
-7.105427357601001859e-15 -1.518253708889103114e-17 1.506722826273523719e+00 6.695999999999996399e-01
7.000000000000072831e-01 1.346153846153860193e-03 1.513737769239992481e+00 3.689999999999997171e-01
6.200000000000000178e+00 1.169811320754716999e-01 5.778084323975045677e-01 8.271000000000000574e-01
5.899999999999998579e+00 5.566037735849055368e-02 1.639493720098179175e+00 6.723000000000003418e-01
2.310000000000000142e+01 1.452830188679245238e-01 1.547393755843544216e+00 6.444000000000004169e-01
2.619999999999999574e+01 1.235849056603773449e-01 1.692048657067925177e+00 8.532000000000002915e-01
3.000000000000000000e+00 1.132075471698113130e-02 1.708078516307470096e+00 8.801999999999998714e-01
-3.552713678800500929e-15 -1.117205559371226767e-17 1.693049052549754796e+00 8.792999999999998595e-01
9.999999999999964473e-02 2.695417789757402894e-04 1.628626968755586768e+00 7.505999999999999339e-01
1.440000000000000213e+01 3.396226415094340256e-02 1.553989800630235063e+00 7.145999999999999019e-01
-7.105427357601001859e-15 -1.489607412494969023e-17 1.492440770994488908e+00 6.867000000000000881e-01
3.100000000000004530e+00 5.849056603773593668e-03 1.504629251597635609e+00 4.338000000000001855e-01
6.400000000000000355e+00 1.185185185185185230e-01 5.725427605166510947e-01 8.388000000000001011e-01
6.799999999999998046e+00 6.296296296296294281e-02 1.630246095521038496e+00 5.265000000000003011e-01
2.450000000000000355e+01 1.512345679012346011e-01 1.533664926074703949e+00 5.769000000000000794e-01
1.889999999999999858e+01 8.749999999999999445e-02 1.711042905386674917e+00 7.398000000000000131e-01
8.000000000000007105e-01 2.962962962962965418e-03 1.695656356727311520e+00 6.920999999999997154e-01
6.100000000000001421e+00 1.882716049382716569e-02 1.694776974949170789e+00 7.919999999999999263e-01
0.000000000000000000e+00 0.000000000000000000e+00 1.613484841370792955e+00 5.921999999999999487e-01
1.110000000000000142e+01 2.569444444444444683e-02 1.546295447299611769e+00 6.920999999999998264e-01
8.881784197001252323e-16 1.827527612551698164e-18 1.478557299276155312e+00 6.120000000000000995e-01
8.900000000000005684e+00 1.648148148148149278e-02 1.504932208892070911e+00 4.428000000000000824e-01
7.599999999999999645e+00 1.381818181818181834e-01 5.854263121368468159e-01 8.370000000000000773e-01
4.799999999999998046e+00 4.363636363636361898e-02 1.628358195613956561e+00 6.588000000000003853e-01
2.460000000000000497e+01 1.490909090909091073e-01 1.521029084726528646e+00 7.227000000000002311e-01
1.750000000000000000e+01 7.954545454545454419e-02 1.698418990153991004e+00 8.379000000000002002e-01
4.700000000000001066e+00 1.709090909090909410e-02 1.701368083446936019e+00 7.919999999999999263e-01
9.800000000000002487e+00 2.969696969696970432e-02 1.698474332949363896e+00 8.801999999999998714e-01
-3.108624468950438313e-15 -8.074349270001138084e-18 1.598749511336907458e+00 6.587999999999999412e-01
5.500000000000005329e+00 1.250000000000001284e-02 1.548255066195489693e+00 6.992999999999999217e-01
1.000000000000001776e+00 2.020202020202023670e-03 1.465742118924006965e+00 4.590000000000003522e-01
9.500000000000000000e+00 1.696428571428571508e-01 6.253340943782265127e-01 8.361000000000001764e-01
7.099999999999997868e+00 6.339285714285712581e-02 1.620735918369132778e+00 6.957000000000000961e-01
2.270000000000000284e+01 1.351190476190476386e-01 1.511430254559929409e+00 7.559999999999997833e-01
1.599999999999999467e+01 7.142857142857141073e-02 1.686179566538583252e+00 7.154999999999996918e-01
2.050000000000000000e+01 7.321428571428571785e-02 1.745206810445251833e+00 5.219999999999997975e-01
7.200000000000002842e+00 2.142857142857143571e-02 1.689697171274262777e+00 5.867999999999997662e-01
-3.108624468950438313e-15 -7.930164461608260563e-18 1.584410661052601865e+00 3.653999999999997250e-01
-5.329070518200751394e-15 -1.189524669241239084e-17 1.539973330010249608e+00 5.264999999999997460e-01
1.780000000000000426e+01 3.531746031746032383e-02 1.479577474278906957e+00 6.452999999999999847e-01
8.900000000000000355e+00 1.561403508771929960e-01 6.280064654543839886e-01 8.217000000000003190e-01
5.899999999999998579e+00 5.175438596491226811e-02 1.609305857561736941e+00 6.849000000000003974e-01
2.110000000000000497e+01 1.233918128654971080e-01 1.500694639837909738e+00 6.984000000000004649e-01
1.959999999999999432e+01 8.596491228070173019e-02 1.675775661878489808e+00 3.726000000000004309e-01
2.089999999999999858e+01 7.333333333333333370e-02 1.730994373320674962e+00 5.598000000000004084e-01
1.000000000000014211e-01 2.923976608187176299e-04 1.696030772816302878e+00 5.418000000000005034e-01
2.099999999999994760e+00 5.263157894736828976e-03 1.574243620238209740e+00 5.607000000000005313e-01
-5.329070518200751394e-15 -1.168655815394901557e-17 1.526419385474017565e+00 4.023000000000004350e-01
1.760000000000000853e+01 3.430799220272905820e-02 1.472963740878886041e+00 5.607000000000004203e-01
8.599999999999999645e+00 1.482758620689655082e-01 6.253940493829207581e-01 8.181000000000001604e-01
5.999999999999998224e+00 5.172413793103446816e-02 1.595385736440579461e+00 7.191000000000002945e-01
1.700000000000000355e+01 9.770114942528737578e-02 1.502371842144162528e+00 6.471000000000003416e-01
2.499999999999999289e+01 1.077586206896551380e-01 1.671626858939856852e+00 6.795000000000002149e-01
2.139999999999999503e+01 7.379310344827584578e-02 1.717296218484569703e+00 8.720999999999998753e-01
7.105427357601001859e-15 2.041789470575000506e-17 1.681354817695689619e+00 7.604999999999998428e-01
1.010000000000000142e+01 2.487684729064039771e-02 1.576816915757384807e+00 8.783999999999998476e-01
-7.105427357601001859e-15 -1.531342102931250379e-17 1.513203384465756640e+00 6.642000000000000126e-01
2.300000000000006928e+00 4.406130268199246955e-03 1.511653243487009135e+00 6.849000000000000643e-01
9.599999999999999645e+00 1.627118644067796494e-01 6.297425637821353339e-01 8.496000000000002439e-01
5.599999999999997868e+00 4.745762711864404820e-02 1.582194992397349953e+00 7.686000000000000609e-01
1.460000000000000320e+01 8.248587570621471188e-02 1.509098032358875852e+00 7.451999999999999735e-01
1.719999999999999218e+01 7.288135593220335107e-02 1.684508730725277736e+00 7.442999999999997396e-01
1.729999999999999716e+01 5.864406779661016089e-02 1.709292110021006117e+00 8.999999999999994671e-01
5.329070518200751394e-15 1.505387152034110558e-17 1.667045154764140946e+00 7.766999999999995019e-01
8.199999999999999289e+00 1.985472154963680361e-02 1.566366526428898176e+00 8.504999999999994786e-01
-7.105427357601001859e-15 -1.505387152034110558e-17 1.500324823586941303e+00 5.957999999999994412e-01
3.900000000000004352e+00 7.344632768361589875e-03 1.503606058374348242e+00 6.308999999999996833e-01
1.240000000000000036e+01 2.066666666666666652e-01 7.098982712724094535e-01 8.352000000000002755e-01
7.199999999999999289e+00 5.999999999999999084e-02 1.576197957110717640e+00 7.704000000000000847e-01
1.440000000000000391e+01 8.000000000000001554e-02 1.496603562144037669e+00 8.999999999999999112e-01
-1.776356839400250465e-15 -7.401486830834376833e-18 1.766352173265569370e+00 6.074999999999999289e-01
1.069999999999999574e+01 3.566666666666665209e-02 1.708496772669536590e+00 7.019999999999997353e-01
2.000000000000046185e-01 5.555555555555683487e-04 1.653262673967994312e+00 5.984999999999998099e-01
1.170000000000000107e+01 2.785714285714285809e-02 1.559459667892155732e+00 5.381999999999997897e-01
8.881784197001252323e-16 1.850371707708594208e-18 1.487769583414492836e+00 4.580999999999995631e-01
1.500000000000000000e+01 2.459016393442622905e-01 7.668487294973752588e-01 7.749000000000002553e-01
1.079999999999999893e+01 8.852459016393442182e-02 1.582962398262623305e+00 5.202000000000004398e-01
1.320000000000000284e+01 7.213114754098362558e-02 1.486566199255026532e+00 6.390000000000003455e-01
-1.776356839400250465e-15 -7.280150981148567857e-18 1.751814048070283514e+00 5.156999999999999362e-01
1.369999999999999751e+01 4.491803278688524109e-02 1.701912735863531534e+00 6.389999999999997904e-01
5.329070518200751394e-15 1.456030196229713571e-17 1.639688761616873824e+00 4.436999999999998723e-01
1.510000000000000142e+01 3.536299765807962570e-02 1.548736751023363833e+00 5.795999999999997820e-01
8.881784197001252323e-16 1.820037745287141964e-18 1.475524358032608285e+00 3.338999999999998081e-01
1.780000000000000071e+01 2.870967741935483986e-01 8.258883527934733904e-01 7.650000000000003464e-01
1.189999999999999858e+01 9.596774193548386622e-02 1.571233293777708262e+00 8.226000000000004420e-01
5.500000000000000000e+00 2.956989247311828106e-02 1.513571873089452957e+00 8.721000000000003194e-01
-1.776356839400250465e-15 -7.162729191130041997e-18 1.737629085481040558e+00 8.225999999999999979e-01
5.499999999999998224e+00 1.774193548387096100e-02 1.706129764148197170e+00 8.711999999999998634e-01
9.999999999999964473e-02 2.688172043010742928e-04 1.626436480979826626e+00 7.542000000000000925e-01
1.310000000000000142e+01 3.018433179723502627e-02 1.544153971195591613e+00 8.641800000000000592e-01
4.100000000000002309e+00 8.266129032258070011e-03 1.470843041169241694e+00 7.983000000000001206e-01
2.100000000000000000e+01 3.333333333333333148e-01 8.965542503437946564e-01 7.866000000000004100e-01
1.259999999999999787e+01 9.999999999999997780e-02 1.559151173219704534e+00 8.883000000000000895e-01
1.300000000000000044e+00 6.878306878306878445e-03 1.513084131291246859e+00 8.999999999999999112e-01
-3.552713678800500929e-15 -1.409807015397024100e-17 1.723783214742669267e+00 5.687999999999998613e-01
-3.552713678800500929e-15 -1.127845612317619342e-17 1.701092086194714303e+00 5.687999999999998613e-01
0.000000000000000000e+00 0.000000000000000000e+00 1.613484841370792955e+00 5.390999999999999126e-01
3.300000000000004263e+00 7.482993197278920913e-03 1.550075198323961123e+00 4.085999999999997412e-01
1.780000000000000426e+01 3.531746031746032383e-02 1.479577474278906957e+00 5.687999999999998613e-01
2.289999999999999858e+01 3.578124999999999778e-01 9.104951756290363685e-01 8.046000000000004260e-01
1.060000000000000142e+01 8.281250000000001110e-02 1.555389288841783735e+00 8.991000000000000103e-01
9.999999999999831246e-02 5.208333333333245441e-04 1.502168481029776181e+00 8.423999999999999266e-01
6.400000000000002132e+00 2.500000000000000833e-02 1.725022644778902547e+00 8.999999999999994671e-01
0.000000000000000000e+00 0.000000000000000000e+00 1.687749981484224282e+00 8.999999999999994671e-01
-3.108624468950438313e-15 -8.095376221225100288e-18 1.600829862914856960e+00 6.785999999999995369e-01
-5.329070518200751394e-15 -1.189524669241239084e-17 1.539973330010249608e+00 4.841999999999996862e-01
1.880000000000000426e+01 3.671875000000000833e-02 1.473390069159703941e+00 6.533999999999997588e-01
2.169999999999999929e+01 3.338461538461538480e-01 9.235844758459663684e-01 8.154000000000003467e-01
9.400000000000003908e+00 7.230769230769233669e-02 1.545714441963545349e+00 8.882999999999999785e-01
1.299999999999998268e+00 6.666666666666657554e-03 1.493475267980148402e+00 8.405999999999999028e-01
6.600000000000000533e+00 2.538461538461538741e-02 1.713175707835352002e+00 8.504999999999994786e-01
5.500000000000000000e+00 1.692307692307692263e-02 1.692514672657157160e+00 8.999999999999994671e-01
-3.108624468950438313e-15 -7.970831971667789962e-18 1.588468057352985907e+00 8.999999999999995781e-01
-5.329070518200751394e-15 -1.171224289714450855e-17 1.528095848785973043e+00 7.001999999999996005e-01
7.000000000000072831e-01 1.346153846153860193e-03 1.513737769239992481e+00 3.995999999999996777e-01
1.819999999999999929e+01 2.757575757575757569e-01 1.029277564540707290e+00 7.614000000000002988e-01
7.600000000000003197e+00 5.757575757575759956e-02 1.539338760643142345e+00 6.867000000000003102e-01
1.589999999999999858e+01 8.030303030303029277e-02 1.608740617010430363e+00 7.803000000000003267e-01
5.500000000000000000e+00 2.083333333333333218e-02 1.704289837735970758e+00 7.415999999999999259e-01
9.800000000000002487e+00 2.969696969696970432e-02 1.698474332949363896e+00 8.153999999999999027e-01
1.599999999999994760e+00 4.040404040404027390e-03 1.577984214175064404e+00 8.297999999999999821e-01
-5.329070518200751394e-15 -1.153478467143019858e-17 1.516475179387044792e+00 6.038999999999999924e-01
7.000000000000046185e-01 1.325757575757584511e-03 1.505664224692333297e+00 3.294000000000001371e-01
1.450000000000000000e+01 2.164179104477611804e-01 1.129601305298886027e+00 8.550000000000003153e-01
5.000000000000000000e+00 3.731343283582089221e-02 1.536844588701004266e+00 4.239000000000003321e-01
2.139999999999999858e+01 1.064676616915422869e-01 1.616829389215156398e+00 5.904000000000002579e-01
2.900000000000000355e+00 1.082089552238806041e-02 1.698856748376294190e+00 5.624999999999998890e-01
6.000000000000000000e+00 1.791044776119403090e-02 1.690987998151034732e+00 4.472999999999996423e-01
7.800000000000000711e+00 1.940298507462686825e-02 1.580547685726932050e+00 5.174999999999995159e-01
-7.105427357601001859e-15 -1.515016494157996103e-17 1.505115654801436831e+00 4.256999999999995232e-01
1.019999999999999929e+01 1.499999999999999944e-01 1.246111599194493769e+00 8.766000000000003789e-01
2.600000000000001421e+00 1.911764705882354129e-02 1.532803789383169857e+00 7.289999999999999813e-01
1.900000000000000000e+01 9.313725490196078649e-02 1.610337913870056870e+00 8.999999999999998002e-01
0.000000000000000000e+00 0.000000000000000000e+00 1.689783313640782714e+00 8.504999999999994786e-01
5.500000000000000000e+00 1.617647058823529563e-02 1.688125508830434551e+00 7.316999999999993509e-01
1.090000000000000036e+01 2.671568627450980615e-02 1.573227916110202740e+00 8.297999999999994269e-01
-7.105427357601001859e-15 -1.492736839832143183e-17 1.494007638377197633e+00 4.022999999999996579e-01
5.599999999999999645e+00 8.115942028985506651e-02 1.361081769505720462e+00 8.928000000000003711e-01
8.000000000000007105e-01 5.797101449275367593e-03 1.527941122810105856e+00 7.992000000000000215e-01
1.119999999999999929e+01 5.410628019323671101e-02 1.633043466828097312e+00 8.126999999999997559e-01
9.699999999999999289e+00 3.514492753623188470e-02 1.724471242425495099e+00 8.999999999999994671e-01
7.105427357601001859e-15 2.059544161623478825e-17 1.688649232932659006e+00 7.730999999999994543e-01
8.599999999999999645e+00 2.077294685990338161e-02 1.564584920226914866e+00 8.504999999999994786e-01
8.881784197001252323e-16 1.838878715735249061e-18 1.483141984075542430e+00 6.047999999999998932e-01
2.500000000000000000e+00 3.571428571428571230e-02 1.403061521335775552e+00 8.964000000000003077e-01
4.000000000000021316e-01 2.857142857142872319e-03 1.518361092811346014e+00 6.857999999999999652e-01
2.379999999999999716e+01 1.133333333333333137e-01 1.695431770638054392e+00 7.154999999999996918e-01
2.050000000000000000e+01 7.321428571428571785e-02 1.745206810445251833e+00 8.999999999999994671e-01
7.105427357601001859e-15 2.030122102171714815e-17 1.676544064437317516e+00 7.307999999999994500e-01
1.170000000000000107e+01 2.785714285714285809e-02 1.559459667892155732e+00 8.360999999999995103e-01
1.776356839400250465e-15 3.625218039592348214e-18 1.472510004816848239e+00 7.946999999999998510e-01
2.100000000000000089e+00 2.957746478873239659e-02 1.394091593389677586e+00 6.849000000000002863e-01
3.552713678800500929e-15 2.501911041408803528e-17 1.507819991497845846e+00 4.473000000000005305e-01
2.639999999999999858e+01 1.239436619718309734e-01 1.688080120870632417e+00 5.013000000000001899e-01
2.039999999999999858e+01 7.183098591549295919e-02 1.733853730903109680e+00 6.839999999999998304e-01
1.000000000000049738e-01 2.816901408450844238e-04 1.664703984878507459e+00 5.525999999999999801e-01
1.470000000000000107e+01 3.450704225352112936e-02 1.550452566429727508e+00 6.516000000000001791e-01
7.400000000000003020e+00 1.488933601609658541e-02 1.476747894493269264e+00 7.182000000000005047e-01
3.100000000000000533e+00 4.305555555555556219e-02 1.389027076458843712e+00 6.849000000000002863e-01
-8.881784197001252323e-16 -6.167905692361980438e-18 1.497312407096276221e+00 5.148000000000004794e-01
1.889999999999999858e+01 8.749999999999999445e-02 1.711042905386674917e+00 4.833000000000001739e-01
2.239999999999999503e+01 7.777777777777776513e-02 1.722499977602178545e+00 6.830999999999998185e-01
2.000000000000046185e-01 5.555555555555683487e-04 1.653262673967994312e+00 5.850000000000000755e-01
1.110000000000000142e+01 2.569444444444444683e-02 1.546295447299611769e+00 4.022999999999999354e-01
1.780000000000000426e+01 3.531746031746032383e-02 1.479577474278906957e+00 5.624999999999998890e-01
5.700000000000001066e+00 7.808219178082193013e-02 1.411134448449429479e+00 6.309000000000002384e-01
5.999999999999999112e+00 4.109589041095889489e-02 1.540266443454646472e+00 5.184000000000004160e-01
1.850000000000000000e+01 8.447488584474885376e-02 1.700721327777542369e+00 5.022000000000000908e-01
2.029999999999999716e+01 6.952054794520547143e-02 1.712183110243305828e+00 6.848999999999998423e-01
5.329070518200751394e-15 1.460019320055000239e-17 1.641933374251054012e+00 6.165000000000000480e-01
7.600000000000001421e+00 1.735159817351598563e-02 1.547016666321485046e+00 4.185000000000000386e-01
2.100000000000000000e+01 4.109589041095890183e-02 1.471501613533881869e+00 6.075000000000002620e-01
9.000000000000000000e+00 1.216216216216216284e-01 1.450095082648615197e+00 5.760000000000002895e-01
1.209999999999999787e+01 8.175675675675674048e-02 1.574459888607113500e+00 5.445000000000004281e-01
1.559999999999999787e+01 7.027027027027026029e-02 1.693607195414387201e+00 5.310000000000001386e-01
1.709999999999999787e+01 5.777027027027026307e-02 1.706468346467206354e+00 6.848999999999998423e-01
0.000000000000000000e+00 0.000000000000000000e+00 1.630818066973617864e+00 6.794999999999999929e-01
6.000000000000049738e-01 1.351351351351362485e-03 1.546631903822495380e+00 6.849000000000000643e-01
7.105427357601001859e-15 1.371704123088996530e-17 1.516473250568937559e+00 3.780000000000001692e-01
1.080000000000000071e+01 1.440000000000000169e-01 1.453202440588830635e+00 7.641000000000000014e-01
1.509999999999999787e+01 1.006666666666666543e-01 1.572534966931489864e+00 7.487999999999997991e-01
1.679999999999999716e+01 7.466666666666665897e-02 1.683126191875635280e+00 8.036999999999997479e-01
1.069999999999999574e+01 3.566666666666665209e-02 1.708496772669536590e+00 8.999999999999994671e-01
0.000000000000000000e+00 0.000000000000000000e+00 1.619925924232339609e+00 8.999999999999995781e-01
-5.329070518200751394e-15 -1.184237892933500386e-17 1.536547356178057377e+00 6.785999999999996479e-01
1.080000000000000071e+01 1.421052631578947345e-01 1.443703493932653625e+00 7.569000000000000172e-01
1.589999999999999858e+01 1.046052631578947290e-01 1.564589185015362371e+00 7.235999999999999099e-01
1.959999999999999432e+01 8.596491228070173019e-02 1.675775661878489808e+00 7.847999999999996090e-01
1.279999999999999893e+01 4.210526315789473589e-02 1.704001726424157370e+00 8.999999999999994671e-01
0.000000000000000000e+00 0.000000000000000000e+00 1.609233227020672841e+00 6.776999999999995250e-01
-5.329070518200751394e-15 -1.168655815394901557e-17 1.526419385474017565e+00 4.103999999999997095e-01
9.500000000000000000e+00 1.233766233766233761e-01 1.443561262259102085e+00 7.488000000000000211e-01
1.680000000000000071e+01 1.090909090909090995e-01 1.555399628623637565e+00 6.785999999999998700e-01
2.459999999999999787e+01 1.064935064935064873e-01 1.675130362233732129e+00 8.225999999999995538e-01
8.599999999999997868e+00 2.792207792207791403e-02 1.702385520809142960e+00 9.000000000000000222e-01
-3.108624468950438313e-15 -8.074349270001138084e-18 1.598749511336907458e+00 6.776999999999999691e-01
-5.329070518200751394e-15 -1.153478467143019858e-17 1.516475179387044792e+00 3.654000000000001136e-01
6.500000000000000000e+00 8.333333333333332871e-02 1.476692133831442266e+00 7.380000000000001004e-01
1.800000000000000000e+01 1.153846153846153910e-01 1.546424902889284914e+00 6.920999999999999375e-01
2.309999999999999432e+01 9.871794871794870030e-02 1.667473670501155247e+00 8.819999999999995621e-01
1.999999999999996447e+00 6.410256410256398758e-03 1.707062234575915660e+00 8.999999999999994671e-01
-3.108624468950438313e-15 -7.970831971667789962e-18 1.588468057352985907e+00 8.999999999999995781e-01
-7.105427357601001859e-15 -1.518253708889103114e-17 1.506722826273523719e+00 4.229999999999996541e-01
3.899999999999999911e+00 4.936708860759493611e-02 1.497666828282276485e+00 7.047000000000001041e-01
2.169999999999999929e+01 1.373417721518987167e-01 1.549049695504041368e+00 7.784999999999999698e-01
1.349999999999999289e+01 5.696202531645566669e-02 1.698648026137664413e+00 8.999999999999994671e-01
-3.552713678800500929e-15 -1.124276480633069897e-17 1.698398351984985899e+00 8.981999999999994433e-01
1.999999999999961808e-01 5.063291139240410146e-04 1.578414441360100895e+00 8.999999999999995781e-01
-7.105427357601001859e-15 -1.499035307510759760e-17 1.497156235417314463e+00 6.686999999999999611e-01
2.600000000000000089e+00 3.250000000000000111e-02 1.495808727745629785e+00 3.978000000000000425e-01
2.370000000000000284e+01 1.481250000000000067e-01 1.542966780062033694e+00 6.110999999999999766e-01
-1.776356839400250465e-15 -7.401486830834376833e-18 1.766352173265569370e+00 6.110999999999997545e-01
0.000000000000000000e+00 0.000000000000000000e+00 1.687749981484224282e+00 5.903999999999998138e-01
2.300000000000000711e+00 5.750000000000001638e-03 1.572304657978217612e+00 6.110999999999997545e-01
8.881784197001252323e-16 1.850371707708594208e-18 1.487769583414492836e+00 5.697000000000000952e-01
1.000000000000000000e+00 1.234567901234567833e-02 1.497436716530015310e+00 4.068000000000003280e-01
2.450000000000000355e+01 1.512345679012346011e-01 1.533664926074703949e+00 6.273000000000003018e-01
-1.776356839400250465e-15 -7.310110450206792657e-18 1.755414902945022115e+00 5.723999999999997979e-01
6.100000000000001421e+00 1.882716049382716569e-02 1.694776974949170789e+00 5.354999999999997540e-01
1.019999999999999929e+01 2.518518518518518198e-02 1.578750178527392523e+00 6.272999999999996357e-01
8.881784197001252323e-16 1.827527612551698164e-18 1.478557299276155312e+00 6.272999999999998577e-01
8.000000000000000444e-01 9.756097560975609748e-03 1.488460471311865652e+00 6.732000000000001316e-01
2.520000000000000284e+01 1.536585365853658791e-01 1.524530725234235495e+00 8.999999999999999112e-01
-1.776356839400250465e-15 -7.220962761789636799e-18 1.744678319640726727e+00 8.450999999999995183e-01
6.100000000000001421e+00 1.859756097560975874e-02 1.695291681930669814e+00 8.000999999999995893e-01
1.109999999999999964e+01 2.707317073170731683e-02 1.569643029019172520e+00 6.938999999999995172e-01
1.776356839400250465e-15 3.610481380894818400e-18 1.469514050533524907e+00 6.938999999999998503e-01
9.999999999999997780e-02 1.204819277108433407e-03 1.481491756817750138e+00 6.813000000000001277e-01
2.430000000000000426e+01 1.463855421686747205e-01 1.516838880272599610e+00 8.999999999999999112e-01
-3.552713678800500929e-15 -1.426792642088554459e-17 1.734136360169710178e+00 8.387999999999995460e-01
6.800000000000000711e+00 2.048192771084337421e-02 1.697642521024807616e+00 8.081999999999995854e-01
1.019999999999999929e+01 2.457831325301204628e-02 1.564615739580083931e+00 6.281999999999995365e-01
1.020000000000000107e+01 2.048192771084337421e-02 1.480523545421988496e+00 7.199999999999998623e-01
-2.775557561562891351e-17 -3.304235192336775235e-19 1.472687856882619828e+00 3.833999999999999631e-01
2.270000000000000284e+01 1.351190476190476386e-01 1.511430254559929409e+00 5.876999999999998892e-01
-3.552713678800500929e-15 -1.409807015397024100e-17 1.723783214742669267e+00 5.228999999999998094e-01
7.200000000000002842e+00 2.142857142857143571e-02 1.689697171274262777e+00 4.823999999999997179e-01
1.170000000000000107e+01 2.785714285714285809e-02 1.559459667892155732e+00 4.274999999999994360e-01
1.780000000000000426e+01 3.531746031746032383e-02 1.479577474278906957e+00 5.876999999999996671e-01
-2.775557561562891351e-17 -3.265361837132813309e-19 1.463999357119755818e+00 3.932999999999999274e-01
2.160000000000000497e+01 1.270588235294118074e-01 1.504337902850139796e+00 5.471999999999999087e-01
4.499999999999996447e+00 1.764705882352939764e-02 1.724393145013566997e+00 5.381999999999997897e-01
5.500000000000000000e+00 1.617647058823529563e-02 1.688125508830434551e+00 4.589999999999996860e-01
1.430000000000000249e+01 3.364705882352941879e-02 1.552174070786121796e+00 4.004999999999994120e-01
2.080000000000000426e+01 4.078431372549020523e-02 1.472926715876311299e+00 5.876999999999996671e-01
-2.775557561562891351e-17 -3.227392513445222456e-19 1.455462844947700951e+00 4.049999999999999156e-01
2.030000000000000426e+01 1.180232558139535093e-01 1.497971744825774776e+00 5.192999999999998728e-01
7.600000000000000533e+00 2.945736434108527438e-02 1.719153527999568665e+00 5.876999999999997781e-01
7.105427357601001859e-15 2.065531208604942372e-17 1.691101883801017225e+00 3.806999999999995388e-01
1.450000000000000178e+01 3.372093023255814254e-02 1.544849692780127848e+00 4.850999999999994761e-01
-2.775557561562891351e-17 -3.190296047773438290e-19 1.447073940234481215e+00 7.469999999999999973e-01
1.700000000000000355e+01 9.770114942528737578e-02 1.502371842144162528e+00 8.414999999999999147e-01
6.500000000000000888e+00 2.490421455938697515e-02 1.709908158459213512e+00 8.999999999999994671e-01
7.105427357601001859e-15 2.041789470575000506e-17 1.681354817695689619e+00 6.749999999999994893e-01
1.220000000000000107e+01 2.804597701149425665e-02 1.543021248265479262e+00 4.562999999999995948e-01
3.000000000000007105e-01 3.409090909090917165e-03 1.439179758785946062e+00 4.607999999999999319e-01
1.410000000000000320e+01 8.011363636363638685e-02 1.513050045977406333e+00 5.381999999999999007e-01
5.500000000000000000e+00 2.083333333333333218e-02 1.704289837735970758e+00 5.876999999999997781e-01
5.329070518200751394e-15 1.513940488125213352e-17 1.671774370378534602e+00 5.381999999999995676e-01
5.500000000000005329e+00 1.250000000000001284e-02 1.548255066195489693e+00 3.113999999999995660e-01
2.000000000000007327e-01 2.247191011235963494e-03 1.431113146390951441e+00 7.686000000000000609e-01
1.460000000000000320e+01 8.202247191011237393e-02 1.504865651381709357e+00 8.729999999999998872e-01
3.000000000000000000e+00 1.123595505617977497e-02 1.702021591705677350e+00 8.972999999999994314e-01
3.000000000000060396e-01 8.426966292135000796e-04 1.662397878244774585e+00 6.713999999999994417e-01
7.105427357601001859e-15 1.596725248899101682e-17 1.545155531970011209e+00 3.635999999999995902e-01
7.216449660063517513e-16 8.018277400070574261e-18 1.423298204094200825e+00 7.704000000000000847e-01
1.440000000000000391e+01 8.000000000000001554e-02 1.496603562144037669e+00 8.927999999999998160e-01
8.000000000000007105e-01 2.962962962962965418e-03 1.695656356727311520e+00 8.981999999999994433e-01
2.000000000000046185e-01 5.555555555555683487e-04 1.653262673967994312e+00 6.749999999999994893e-01
-5.329070518200751394e-15 -1.184237892933500386e-17 1.536547356178057377e+00 3.428999999999995940e-01
7.216449660063517513e-16 7.930164461608260563e-18 1.415456281033251607e+00 7.722000000000001085e-01
1.420000000000000284e+01 7.802197802197803622e-02 1.488512953488742685e+00 8.999999999999998002e-01
0.000000000000000000e+00 0.000000000000000000e+00 1.686685633100734272e+00 8.999999999999994671e-01
5.329070518200751394e-15 1.464030362143063607e-17 1.644187230321306314e+00 6.758999999999995012e-01
-5.329070518200751394e-15 -1.171224289714450855e-17 1.528095848785973043e+00 4.499999999999997891e-01
7.216449660063517513e-16 7.843967021808170607e-18 1.407742565398511392e+00 4.814999999999999281e-01
1.150000000000000000e+01 6.250000000000000000e-02 1.488235112473832222e+00 4.976999999999997537e-01
9.699999999999999289e+00 3.514492753623188470e-02 1.724471242425495099e+00 5.849999999999996314e-01
0.000000000000000000e+00 0.000000000000000000e+00 1.635243632958231386e+00 5.849999999999994094e-01
-5.329070518200751394e-15 -1.158493590913206762e-17 1.519768288974971737e+00 3.392999999999994909e-01
7.216449660063517513e-16 7.759623290390878317e-18 1.400153601404817705e+00 8.505000000000001448e-01
5.500000000000000000e+00 2.956989247311828106e-02 1.513571873089452957e+00 7.280999999999996364e-01
1.910000000000000142e+01 6.845878136200717057e-02 1.746519772691217609e+00 8.990999999999994552e-01
9.999999999999964473e-02 2.688172043010742928e-04 1.626436480979826626e+00 8.999999999999995781e-01
-7.105427357601001859e-15 -1.528048894107742334e-17 1.511575408325288805e+00 3.995999999999996777e-01
7.216449660063517513e-16 7.677074106450550841e-18 1.392686062285792392e+00 8.739000000000001211e-01
2.899999999999999911e+00 1.542553191489361673e-02 1.512545525879720021e+00 7.226999999999996760e-01
1.969999999999999929e+01 6.985815602836879801e-02 1.739786603778980201e+00 8.999999999999994671e-01
0.000000000000000000e+00 0.000000000000000000e+00 1.617770333225278856e+00 8.999999999999995781e-01
-7.105427357601001859e-15 -1.511793054808723825e-17 1.503513615332219722e+00 3.995999999999996777e-01
7.216449660063517513e-16 7.596262800066861043e-18 1.385336744166140166e+00 5.777999999999998693e-01
8.000000000000000444e-01 4.210526315789473589e-03 1.509542683587783429e+00 3.968999999999997530e-01
2.089999999999999858e+01 7.333333333333333370e-02 1.730994373320674962e+00 5.849999999999996314e-01
0.000000000000000000e+00 0.000000000000000000e+00 1.609233227020672841e+00 5.849999999999994094e-01
-7.105427357601001859e-15 -1.495879443705474042e-17 1.495579451161603179e+00 5.849999999999995204e-01
2.699999999999999734e+00 2.812499999999999722e-02 1.405102541112806636e+00 8.991000000000000103e-01
9.999999999999831246e-02 5.208333333333245441e-04 1.502168481029776181e+00 6.983999999999999098e-01
2.239999999999999503e+01 7.777777777777776513e-02 1.722499977602178545e+00 8.999999999999994671e-01
-3.108624468950438313e-15 -8.095376221225100288e-18 1.600829862914856960e+00 8.999999999999995781e-01
8.881784197001252323e-16 1.850371707708594208e-18 1.487769583414492836e+00 3.995999999999996777e-01
8.300000000000000711e+00 8.556701030927835183e-02 1.506890680792781989e+00 5.849999999999998535e-01
-1.776356839400250465e-15 -9.156478553609538303e-18 1.494422620637202659e+00 3.977999999999997094e-01
2.079999999999999716e+01 7.147766323024054569e-02 1.714796396803643708e+00 5.849999999999996314e-01
-3.108624468950438313e-15 -8.011918734408345437e-18 1.592556784985095009e+00 5.849999999999994094e-01
8.881784197001252323e-16 1.831295710721907738e-18 1.480080800246301287e+00 5.849999999999995204e-01
1.240000000000000036e+01 1.265306122448979498e-01 1.552519415265772418e+00 5.498999999999998334e-01
3.899999999999997691e+00 1.989795918367345817e-02 1.501075121437936755e+00 4.112999999999997214e-01
1.929999999999999716e+01 6.564625850340134738e-02 1.707967550563686210e+00 5.849999999999996314e-01
-3.108624468950438313e-15 -7.930164461608260563e-18 1.584410661052601865e+00 5.849999999999994094e-01
1.776356839400250465e-15 3.625218039592348214e-18 1.472510004816848239e+00 5.849999999999995204e-01
1.569999999999999929e+01 1.585858585858585801e-01 1.576917470026496959e+00 7.568999999999999062e-01
1.589999999999999858e+01 8.030303030303029277e-02 1.608740617010430363e+00 7.496999999999998110e-01
1.669999999999999574e+01 5.622895622895621170e-02 1.703799454330138685e+00 8.855999999999994987e-01
1.599999999999994760e+00 4.040404040404027390e-03 1.577984214175064404e+00 6.686999999999995170e-01
1.000000000000001776e+00 2.020202020202023670e-03 1.465742118924006965e+00 6.776999999999997470e-01
1.739999999999999858e+01 1.739999999999999880e-01 1.576491040253638731e+00 7.137000000000000011e-01
2.069999999999999929e+01 1.034999999999999948e-01 1.620320261553252150e+00 8.036999999999997479e-01
1.069999999999999574e+01 3.566666666666665209e-02 1.708496772669536590e+00 5.813999999999994728e-01
2.300000000000000711e+00 5.750000000000001638e-03 1.572304657978217612e+00 4.958999999999991748e-01
1.730000000000000071e+01 1.712871287128713005e-01 1.568901781102061355e+00 3.915000000000000702e-01
2.139999999999999858e+01 1.059405940594059375e-01 1.612839681448559936e+00 4.886999999999999678e-01
1.059999999999999432e+01 3.498349834983496137e-02 1.702288476091319280e+00 4.877999999999999003e-01
1.069999999999999929e+01 2.648514851485148439e-02 1.580486365258977122e+00 4.166999999999996263e-01
1.719999999999999929e+01 1.686274509803921406e-01 1.561420946129245868e+00 4.122000000000000663e-01
1.900000000000000000e+01 9.313725490196078649e-02 1.610337913870056870e+00 4.724999999999999756e-01
1.229999999999999893e+01 4.019607843137254499e-02 1.701129563442657977e+00 4.850999999999997536e-01
1.090000000000000036e+01 2.671568627450980615e-02 1.573227916110202740e+00 3.959999999999994635e-01
1.509999999999999964e+01 1.466019417475728226e-01 1.569664829350866153e+00 4.463999999999999080e-01
1.309999999999999964e+01 6.359223300970873183e-02 1.631303222168742018e+00 5.147999999999998133e-01
5.499999999999998224e+00 1.779935275080905474e-02 1.708887962908348213e+00 4.850999999999998646e-01
8.800000000000000711e+00 2.135922330097087679e-02 1.567968228665444164e+00 4.967999999999997973e-01
1.119999999999999751e+01 1.076923076923076705e-01 1.611240104564249265e+00 7.659000000000000252e-01
1.489999999999999858e+01 7.163461538461537992e-02 1.648517172034942080e+00 8.819999999999995621e-01
1.999999999999996447e+00 6.410256410256398758e-03 1.707062234575915660e+00 5.786999999999995481e-01
1.180000000000000249e+01 2.836538461538462216e-02 1.564637221762556596e+00 3.050999999999994827e-01
8.599999999999997868e+00 8.190476190476188301e-02 1.624970678263278678e+00 6.857999999999999652e-01
2.379999999999999716e+01 1.133333333333333137e-01 1.695431770638054392e+00 8.999999999999994671e-01
-3.552713678800500929e-15 -1.127845612317619342e-17 1.701092086194714303e+00 5.831999999999992745e-01
1.170000000000000107e+01 2.785714285714285809e-02 1.559459667892155732e+00 3.023999999999993360e-01
5.899999999999998579e+00 5.566037735849055368e-02 1.639493720098179175e+00 6.642000000000000126e-01
2.619999999999999574e+01 1.235849056603773449e-01 1.692048657067925177e+00 8.999999999999994671e-01
-3.552713678800500929e-15 -1.117205559371226767e-17 1.693049052549754796e+00 7.703999999999995296e-01
1.440000000000000213e+01 3.396226415094340256e-02 1.553989800630235063e+00 4.868999999999996109e-01
5.399999999999998579e+00 5.046728971962615579e-02 1.632690219157870937e+00 6.902999999999999137e-01
2.329999999999999716e+01 1.088785046728971834e-01 1.698423032793360710e+00 8.999999999999994671e-01
0.000000000000000000e+00 0.000000000000000000e+00 1.685119036811435045e+00 7.622999999999995335e-01
1.530000000000000249e+01 3.574766355140187452e-02 1.546946842802672917e+00 4.229999999999994875e-01
6.799999999999998046e+00 6.296296296296294281e-02 1.630246095521038496e+00 7.298999999999998822e-01
1.889999999999999858e+01 8.749999999999999445e-02 1.711042905386674917e+00 8.450999999999995183e-01
6.100000000000001421e+00 1.882716049382716569e-02 1.694776974949170789e+00 8.000999999999997003e-01
1.110000000000000142e+01 2.569444444444444683e-02 1.546295447299611769e+00 4.463999999999996859e-01
6.899999999999998579e+00 6.330275229357797129e-02 1.622754513502686846e+00 7.253999999999998227e-01
1.939999999999999858e+01 8.899082568807338556e-02 1.703307061239975440e+00 8.675999999999994827e-01
3.600000000000001421e+00 1.100917431192660959e-02 1.692310697043742040e+00 5.534999999999993259e-01
8.900000000000002132e+00 2.041284403669725231e-02 1.549451164809207304e+00 4.283999999999995589e-01
4.799999999999998046e+00 4.363636363636361898e-02 1.628358195613956561e+00 7.424999999999998268e-01
1.750000000000000000e+01 7.954545454545454419e-02 1.698418990153991004e+00 8.117999999999995220e-01
9.800000000000002487e+00 2.969696969696970432e-02 1.698474332949363896e+00 8.504999999999995897e-01
5.500000000000005329e+00 1.250000000000001284e-02 1.548255066195489693e+00 3.491999999999997328e-01
5.699999999999998401e+00 5.135135135135134032e-02 1.623024918342671929e+00 7.595999999999998309e-01
1.559999999999999787e+01 7.027027027027026029e-02 1.693607195414387201e+00 8.468999999999995421e-01
5.900000000000002132e+00 1.771771771771772294e-02 1.695839694270971254e+00 5.849999999999994094e-01
6.000000000000049738e-01 1.351351351351362485e-03 1.546631903822495380e+00 4.049999999999995826e-01
7.099999999999997868e+00 6.339285714285712581e-02 1.620735918369132778e+00 7.559999999999997833e-01
1.599999999999999467e+01 7.142857142857141073e-02 1.686179566538583252e+00 8.351999999999994984e-01
7.200000000000002842e+00 2.142857142857143571e-02 1.689697171274262777e+00 8.999999999999995781e-01
-5.329070518200751394e-15 -1.189524669241239084e-17 1.539973330010249608e+00 3.986999999999997768e-01
6.799999999999998046e+00 6.017699115044246316e-02 1.613907467547899932e+00 7.424999999999998268e-01
1.749999999999999289e+01 7.743362831858403850e-02 1.679911122154431835e+00 8.315999999999994508e-01
7.600000000000001421e+00 2.241887905604720080e-02 1.686690582909455616e+00 8.990999999999995662e-01
9.999999999999609201e-02 2.212389380530886956e-04 1.533151345561965195e+00 3.986999999999997768e-01
5.899999999999998579e+00 5.175438596491226811e-02 1.609305857561736941e+00 7.235999999999999099e-01
1.959999999999999432e+01 8.596491228070173019e-02 1.675775661878489808e+00 8.990999999999994552e-01
1.000000000000014211e-01 2.923976608187176299e-04 1.696030772816302878e+00 8.999999999999995781e-01
-5.329070518200751394e-15 -1.168655815394901557e-17 1.526419385474017565e+00 3.995999999999996777e-01
5.999999999999998224e+00 5.217391304347824416e-02 1.602299859364491930e+00 6.884999999999998899e-01
2.349999999999999645e+01 1.021739130434782400e-01 1.677483769173701900e+00 8.999999999999994671e-01
7.105427357601001859e-15 2.059544161623478825e-17 1.688649232932659006e+00 8.999999999999995781e-01
-5.329070518200751394e-15 -1.158493590913206762e-17 1.519768288974971737e+00 3.995999999999996777e-01
5.999999999999998224e+00 5.172413793103446816e-02 1.595385736440579461e+00 6.749999999999999334e-01
2.499999999999999289e+01 1.077586206896551380e-01 1.671626858939856852e+00 8.999999999999994671e-01
7.105427357601001859e-15 2.041789470575000506e-17 1.681354817695689619e+00 8.999999999999995781e-01
-7.105427357601001859e-15 -1.531342102931250379e-17 1.513203384465756640e+00 3.995999999999996777e-01
5.899999999999998579e+00 5.042735042735041473e-02 1.588614616125696211e+00 6.920999999999999375e-01
2.309999999999999432e+01 9.871794871794870030e-02 1.667473670501155247e+00 8.999999999999994671e-01
7.105427357601001859e-15 2.024338278518804049e-17 1.674154121576631571e+00 8.999999999999995781e-01
-7.105427357601001859e-15 -1.518253708889103114e-17 1.506722826273523719e+00 3.995999999999996777e-01
5.599999999999997868e+00 4.745762711864404820e-02 1.582194992397349953e+00 7.451999999999999735e-01
1.719999999999999218e+01 7.288135593220335107e-02 1.684508730725277736e+00 8.999999999999994671e-01
5.329070518200751394e-15 1.505387152034110558e-17 1.667045154764140946e+00 8.999999999999995781e-01
-7.105427357601001859e-15 -1.505387152034110558e-17 1.500324823586941303e+00 3.995999999999996777e-01
5.499999999999998224e+00 4.621848739495797165e-02 1.575590587736045434e+00 8.171999999999999265e-01
9.199999999999992184e+00 3.865546218487391633e-02 1.718344388042031268e+00 8.954999999999994076e-01
5.000000000000053291e-01 1.400560224089650828e-03 1.660101326359688878e+00 8.999999999999995781e-01
-7.105427357601001859e-15 -1.492736839832143183e-17 1.494007638377197633e+00 3.995999999999996777e-01
7.199999999999999289e+00 5.999999999999999084e-02 1.576197957110717640e+00 8.999999999999999112e-01
-1.776356839400250465e-15 -7.401486830834376833e-18 1.766352173265569370e+00 8.981999999999994433e-01
2.000000000000046185e-01 5.555555555555683487e-04 1.653262673967994312e+00 6.740999999999994774e-01
9.899999999999998579e+00 8.181818181818180380e-02 1.587763123245148789e+00 8.999999999999999112e-01
-1.776356839400250465e-15 -7.340317518182853364e-18 1.759038054174228982e+00 8.999999999999994671e-01
5.329070518200751394e-15 1.468063503636570673e-17 1.646450393443915861e+00 6.758999999999995012e-01
1.079999999999999893e+01 8.852459016393442182e-02 1.582962398262623305e+00 8.999999999999999112e-01
-1.776356839400250465e-15 -7.280150981148567857e-18 1.751814048070283514e+00 8.999999999999994671e-01
5.329070518200751394e-15 1.456030196229713571e-17 1.639688761616873824e+00 6.758999999999995012e-01
1.139999999999999858e+01 9.268292682926827786e-02 1.577183386943309840e+00 8.999999999999999112e-01
-1.776356839400250465e-15 -7.220962761789636799e-18 1.744678319640726727e+00 8.999999999999994671e-01
0.000000000000000000e+00 0.000000000000000000e+00 1.633026352436076634e+00 6.767999999999994021e-01
1.189999999999999858e+01 9.596774193548386622e-02 1.571233293777708262e+00 8.999999999999999112e-01
-1.776356839400250465e-15 -7.162729191130041997e-18 1.737629085481040558e+00 8.990999999999994552e-01
9.999999999999964473e-02 2.688172043010742928e-04 1.626436480979826626e+00 6.398999999999993582e-01
1.209999999999999787e+01 9.679999999999998328e-02 1.564963181675530501e+00 8.999999999999999112e-01
-3.552713678800500929e-15 -1.421085471520200401e-17 1.730664612222714727e+00 8.999999999999994671e-01
0.000000000000000000e+00 0.000000000000000000e+00 1.619925924232339609e+00 5.714999999999995639e-01
1.259999999999999787e+01 9.999999999999997780e-02 1.559151173219704534e+00 8.999999999999999112e-01
-3.552713678800500929e-15 -1.409807015397024100e-17 1.723783214742669267e+00 8.999999999999994671e-01
0.000000000000000000e+00 0.000000000000000000e+00 1.613484841370792955e+00 5.174999999999996270e-01
1.229999999999999893e+01 9.685039370078739329e-02 1.553403021151269492e+00 8.819999999999998952e-01
1.999999999999996447e+00 7.874015748031482076e-03 1.720721616580021651e+00 8.999999999999994671e-01
0.000000000000000000e+00 0.000000000000000000e+00 1.607119984839119331e+00 4.958999999999996744e-01
1.060000000000000142e+01 8.281250000000001110e-02 1.555389288841783735e+00 8.423999999999999266e-01
6.400000000000002132e+00 2.500000000000000833e-02 1.725022644778902547e+00 8.999999999999994671e-01
-3.108624468950438313e-15 -8.095376221225100288e-18 1.600829862914856960e+00 4.841999999999996862e-01
9.900000000000003908e+00 7.674418604651166154e-02 1.550869305011188803e+00 8.315999999999998948e-01
7.600000000000000533e+00 2.945736434108527438e-02 1.719153527999568665e+00 8.999999999999994671e-01
-3.108624468950438313e-15 -8.032621366796997600e-18 1.594613024427687931e+00 4.841999999999996862e-01
9.400000000000003908e+00 7.230769230769233669e-02 1.545714441963545349e+00 8.405999999999999028e-01
6.600000000000000533e+00 2.538461538461538741e-02 1.713175707835352002e+00 8.999999999999994671e-01
-3.108624468950438313e-15 -7.970831971667789962e-18 1.588468057352985907e+00 4.778999999999996584e-01
8.900000000000003908e+00 6.793893129770994799e-02 1.540608939564989122e+00 8.540999999999999703e-01
5.100000000000000533e+00 1.946564885496183256e-02 1.708902068391969120e+00 8.999999999999994671e-01
-3.108624468950438313e-15 -7.909985926082540057e-18 1.582393587464526741e+00 4.571999999999997177e-01
7.600000000000003197e+00 5.757575757575759956e-02 1.539338760643142345e+00 8.504999999999999227e-01
5.500000000000000000e+00 2.083333333333333218e-02 1.704289837735970758e+00 8.855999999999994987e-01
1.599999999999994760e+00 4.040404040404027390e-03 1.577984214175064404e+00 4.517999999999997018e-01
6.100000000000001421e+00 4.586466165413535107e-02 1.539432142067131526e+00 8.693999999999998396e-01
3.400000000000000355e+00 1.278195488721804718e-02 1.705030748905123961e+00 8.810999999999995502e-01
2.099999999999994760e+00 5.263157894736828976e-03 1.574243620238209740e+00 4.184999999999997056e-01
5.000000000000000000e+00 3.731343283582089221e-02 1.536844588701004266e+00 8.738999999999998991e-01
2.900000000000000355e+00 1.082089552238806041e-02 1.698856748376294190e+00 8.297999999999995380e-01
7.800000000000000711e+00 1.940298507462686825e-02 1.580547685726932050e+00 3.734999999999996656e-01
3.699999999999999289e+00 2.740740740740740117e-02 1.535429949660843452e+00 8.927999999999998160e-01
8.000000000000007105e-01 2.962962962962965418e-03 1.695656356727311520e+00 8.081999999999994744e-01
1.019999999999999929e+01 2.518518518518518198e-02 1.578750178527392523e+00 3.590999999999995862e-01
2.600000000000001421e+00 1.911764705882354129e-02 1.532803789383169857e+00 8.999999999999998002e-01
0.000000000000000000e+00 0.000000000000000000e+00 1.689783313640782714e+00 8.018999999999995021e-01
1.090000000000000036e+01 2.671568627450980615e-02 1.573227916110202740e+00 7.235999999999997989e-01
1.000000000000000000e+00 7.299270072992700489e-03 1.533405876462676787e+00 8.972999999999997645e-01
3.000000000000007105e-01 1.094890510948907806e-03 1.683702116115944447e+00 8.099999999999996092e-01
1.000000000000000000e+01 2.433090024330900394e-02 1.568715353819152281e+00 6.596999999999998421e-01
8.000000000000007105e-01 5.797101449275367593e-03 1.527941122810105856e+00 8.126999999999997559e-01
9.699999999999999289e+00 3.514492753623188470e-02 1.724471242425495099e+00 8.225999999999995538e-01
8.599999999999999645e+00 2.077294685990338161e-02 1.564584920226914866e+00 6.542999999999999927e-01
1.000000000000014211e-01 7.194244604316648835e-04 1.523603094281205994e+00 7.496999999999997000e-01
1.669999999999999929e+01 6.007194244604316391e-02 1.744041034928631495e+00 7.829999999999995852e-01
1.300000000000000178e+01 3.117505995203837324e-02 1.563810389970878623e+00 7.397999999999999021e-01
4.000000000000021316e-01 2.857142857142872319e-03 1.518361092811346014e+00 7.154999999999996918e-01
2.050000000000000000e+01 7.321428571428571785e-02 1.745206810445251833e+00 7.946999999999995179e-01
1.170000000000000107e+01 2.785714285714285809e-02 1.559459667892155732e+00 8.585999999999999188e-01
2.000000000000028422e-01 1.418439716312076999e-03 1.513063015923801879e+00 7.226999999999996760e-01
1.969999999999999929e+01 6.985815602836879801e-02 1.739786603778980201e+00 7.766999999999995019e-01
1.370000000000000107e+01 3.238770685579196729e-02 1.555487721903675569e+00 8.999999999999999112e-01
3.552713678800500929e-15 2.501911041408803528e-17 1.507819991497845846e+00 7.163999999999997037e-01
2.039999999999999858e+01 7.183098591549295919e-02 1.733853730903109680e+00 7.676999999999996049e-01
1.470000000000000107e+01 3.450704225352112936e-02 1.550452566429727508e+00 8.999999999999999112e-01
3.552713678800500929e-15 2.484415160000350298e-17 1.502538644302494619e+00 7.073999999999998067e-01
2.139999999999999858e+01 7.482517482517482554e-02 1.728149037354788975e+00 7.577999999999995850e-01
1.580000000000000249e+01 3.682983682983683588e-02 1.545305009518540773e+00 8.999999999999999112e-01
-8.881784197001252323e-16 -6.167905692361980438e-18 1.497312407096276221e+00 6.983999999999999098e-01
2.239999999999999503e+01 7.777777777777776513e-02 1.722499977602178545e+00 8.000999999999997003e-01
1.110000000000000142e+01 2.569444444444444683e-02 1.546295447299611769e+00 8.999999999999999112e-01
1.299999999999999156e+00 8.965517241379304669e-03 1.496013887146465215e+00 7.073999999999998067e-01
2.139999999999999503e+01 7.379310344827584578e-02 1.717296218484569703e+00 7.901999999999996804e-01
1.220000000000000107e+01 2.804597701149425665e-02 1.543021248265479262e+00 8.999999999999999112e-01
5.999999999999999112e+00 4.109589041095889489e-02 1.540266443454646472e+00 7.172999999999997156e-01
2.029999999999999716e+01 6.952054794520547143e-02 1.712183110243305828e+00 8.315999999999996728e-01
7.600000000000001421e+00 1.735159817351598563e-02 1.547016666321485046e+00 3.266999999999997684e-01
1.019999999999999929e+01 6.938775510204081565e-02 1.572623452424440904e+00 7.262999999999997236e-01
1.929999999999999716e+01 6.564625850340134738e-02 1.707967550563686210e+00 8.702999999999996295e-01
3.300000000000004263e+00 7.482993197278920913e-03 1.550075198323961123e+00 3.689999999999997171e-01
1.209999999999999787e+01 8.175675675675674048e-02 1.574459888607113500e+00 7.460999999999997634e-01
1.709999999999999787e+01 5.777027027027026307e-02 1.706468346467206354e+00 8.945999999999996177e-01
6.000000000000049738e-01 1.351351351351362485e-03 1.546631903822495380e+00 3.932999999999997054e-01
1.380000000000000071e+01 9.261744966442952975e-02 1.574720342050824007e+00 7.712999999999997636e-01
1.429999999999999716e+01 4.798657718120804411e-02 1.706859229506062281e+00 8.999999999999995781e-01
7.105427357601001859e-15 1.589581064340268838e-17 1.541694932929092543e+00 3.986999999999997768e-01
1.509999999999999787e+01 1.006666666666666543e-01 1.572534966931489864e+00 8.036999999999997479e-01
1.069999999999999574e+01 3.566666666666665209e-02 1.708496772669536590e+00 3.887999999999994793e-01
1.619999999999999929e+01 1.072847682119205254e-01 1.569413748803531794e+00 8.153999999999996806e-01
9.399999999999995026e+00 3.112582781456952122e-02 1.703781747303775518e+00 3.995999999999995111e-01
1.589999999999999858e+01 1.046052631578947290e-01 1.564589185015362371e+00 7.847999999999996090e-01
1.279999999999999893e+01 4.210526315789473589e-02 1.704001726424157370e+00 3.995999999999995111e-01
1.600000000000000000e+01 1.045751633986928136e-01 1.559467810566669277e+00 7.892999999999995575e-01
1.229999999999999893e+01 4.019607843137254499e-02 1.701129563442657977e+00 4.121999999999994557e-01
1.680000000000000071e+01 1.090909090909090995e-01 1.555399628623637565e+00 8.225999999999995538e-01
8.599999999999997868e+00 2.792207792207791403e-02 1.702385520809142960e+00 4.454999999999992855e-01
1.750000000000000000e+01 1.129032258064516098e-01 1.551095749105392718e+00 8.504999999999995897e-01
5.499999999999998224e+00 1.774193548387096100e-02 1.706129764148197170e+00 4.733999999999993769e-01
1.800000000000000000e+01 1.153846153846153910e-01 1.546424902889284914e+00 8.819999999999995621e-01
1.999999999999996447e+00 6.410256410256398758e-03 1.707062234575915660e+00 5.048999999999994603e-01
1.960000000000000142e+01 1.248407643312102050e-01 1.546010112398244596e+00 8.999999999999994671e-01
-3.552713678800500929e-15 -1.131437477325000353e-17 1.703798678337828942e+00 5.228999999999992543e-01
2.169999999999999929e+01 1.373417721518987167e-01 1.549049695504041368e+00 8.999999999999994671e-01
-3.552713678800500929e-15 -1.124276480633069897e-17 1.698398351984985899e+00 5.228999999999992543e-01
2.310000000000000142e+01 1.452830188679245238e-01 1.547393755843544216e+00 8.999999999999994671e-01
-3.552713678800500929e-15 -1.117205559371226767e-17 1.693049052549754796e+00 5.228999999999992543e-01
2.370000000000000284e+01 1.481250000000000067e-01 1.542966780062033694e+00 8.999999999999994671e-01
0.000000000000000000e+00 0.000000000000000000e+00 1.687749981484224282e+00 5.228999999999992543e-01
2.410000000000000497e+01 1.496894409937888637e-01 1.538294781643012143e+00 8.999999999999994671e-01
0.000000000000000000e+00 0.000000000000000000e+00 1.682500357627346510e+00 5.228999999999992543e-01
2.450000000000000355e+01 1.512345679012346011e-01 1.533664926074703949e+00 8.450999999999995183e-01
6.100000000000001421e+00 1.882716049382716569e-02 1.694776974949170789e+00 5.228999999999992543e-01
2.500000000000000355e+01 1.533742331288343863e-01 1.529195715007137579e+00 8.711999999999995303e-01
3.200000000000002842e+00 9.815950920245408023e-03 1.694766926586393163e+00 5.489999999999992664e-01
2.520000000000000284e+01 1.536585365853658791e-01 1.524530725234235495e+00 8.450999999999995183e-01
6.100000000000001421e+00 1.859756097560975874e-02 1.695291681930669814e+00 5.489999999999992664e-01
2.460000000000000497e+01 1.490909090909091073e-01 1.521029084726528646e+00 8.117999999999995220e-01
9.800000000000002487e+00 2.969696969696970432e-02 1.698474332949363896e+00 5.399999999999992584e-01
2.430000000000000426e+01 1.463855421686747205e-01 1.516838880272599610e+00 8.387999999999995460e-01
6.800000000000000711e+00 2.048192771084337421e-02 1.697642521024807616e+00 4.841999999999994087e-01
2.330000000000000426e+01 1.395209580838323582e-01 1.514874674519604669e+00 8.495999999999995778e-01
5.600000000000001421e+00 1.676646706586826935e-02 1.693388082206608303e+00 4.769999999999993134e-01
2.270000000000000284e+01 1.351190476190476386e-01 1.511430254559929409e+00 8.351999999999994984e-01
7.200000000000002842e+00 2.142857142857143571e-02 1.689697171274262777e+00 4.265999999999993131e-01
2.210000000000000497e+01 1.307692307692308042e-01 1.508006246749888701e+00 8.162999999999994705e-01
9.300000000000002487e+00 2.751479289940829062e-02 1.686576056440938665e+00 4.049999999999993605e-01
2.160000000000000497e+01 1.270588235294118074e-01 1.504337902850139796e+00 8.504999999999994786e-01
5.500000000000000000e+00 1.617647058823529563e-02 1.688125508830434551e+00 4.292999999999994598e-01
2.110000000000000497e+01 1.233918128654971080e-01 1.500694639837909738e+00 8.990999999999994552e-01
1.000000000000014211e-01 2.923976608187176299e-04 1.696030772816302878e+00 4.760999999999994681e-01
2.030000000000000426e+01 1.180232558139535093e-01 1.497971744825774776e+00 8.999999999999994671e-01
7.105427357601001859e-15 2.065531208604942372e-17 1.691101883801017225e+00 4.769999999999995910e-01
1.920000000000000284e+01 1.109826589595375862e-01 1.496487473026327120e+00 8.999999999999994671e-01
7.105427357601001859e-15 2.053591721850000436e-17 1.686207222641351811e+00 4.751999999999995672e-01
1.700000000000000355e+01 9.770114942528737578e-02 1.502371842144162528e+00 8.999999999999994671e-01
7.105427357601001859e-15 2.041789470575000506e-17 1.681354817695689619e+00 4.562999999999995948e-01
1.390000000000000213e+01 7.942857142857144559e-02 1.517339669773840605e+00 8.999999999999994671e-01
7.105427357601001859e-15 2.030122102171714815e-17 1.676544064437317516e+00 4.499999999999996225e-01
1.410000000000000320e+01 8.011363636363638685e-02 1.513050045977406333e+00 8.999999999999994671e-01
5.329070518200751394e-15 1.513940488125213352e-17 1.671774370378534602e+00 4.445999999999996066e-01
1.460000000000000320e+01 8.248587570621471188e-02 1.509098032358875852e+00 8.999999999999994671e-01
5.329070518200751394e-15 1.505387152034110558e-17 1.667045154764140946e+00 4.157999999999996144e-01
1.460000000000000320e+01 8.202247191011237393e-02 1.504865651381709357e+00 8.972999999999994314e-01
3.000000000000060396e-01 8.426966292135000796e-04 1.662397878244774585e+00 3.635999999999995902e-01
1.450000000000000355e+01 8.100558659217879653e-02 1.500717554618369753e+00 8.945999999999993957e-01
6.000000000000049738e-01 1.675977653631298761e-03 1.657789295273523367e+00 3.581999999999995743e-01
1.440000000000000391e+01 8.000000000000001554e-02 1.496603562144037669e+00 8.981999999999994433e-01
2.000000000000046185e-01 5.555555555555683487e-04 1.653262673967994312e+00 3.428999999999995940e-01
1.420000000000000284e+01 7.845303867403316533e-02 1.492607875462969913e+00 8.999999999999994671e-01
5.329070518200751394e-15 1.472118927679765517e-17 1.648722927849818998e+00 7.604999999999998428e-01
1.420000000000000284e+01 7.802197802197803622e-02 1.488512953488742685e+00 8.999999999999994671e-01
5.329070518200751394e-15 1.464030362143063607e-17 1.644187230321306314e+00 6.740999999999998105e-01
1.320000000000000284e+01 7.213114754098362558e-02 1.486566199255026532e+00 8.999999999999994671e-01
5.329070518200751394e-15 1.456030196229713571e-17 1.639688761616873824e+00 6.542999999999998817e-01
1.150000000000000000e+01 6.250000000000000000e-02 1.488235112473832222e+00 8.999999999999994671e-01
0.000000000000000000e+00 0.000000000000000000e+00 1.635243632958231386e+00 6.542999999999999927e-01
8.400000000000000355e+00 4.540540540540540654e-02 1.502212052894887906e+00 8.999999999999994671e-01
0.000000000000000000e+00 0.000000000000000000e+00 1.630818066973617864e+00 7.145999999999999019e-01
5.500000000000000000e+00 2.956989247311828106e-02 1.513571873089452957e+00 8.990999999999994552e-01
9.999999999999964473e-02 2.688172043010742928e-04 1.626436480979826626e+00 7.982999999999998986e-01
3.700000000000000178e+00 1.978609625668449265e-02 1.515405368269829411e+00 8.999999999999994671e-01
0.000000000000000000e+00 0.000000000000000000e+00 1.622090154889128000e+00 8.846999999999999309e-01
2.899999999999999911e+00 1.542553191489361673e-02 1.512545525879720021e+00 8.999999999999994671e-01
0.000000000000000000e+00 0.000000000000000000e+00 1.617770333225278856e+00 8.999999999999999112e-01
1.300000000000000044e+00 6.878306878306878445e-03 1.513084131291246859e+00 8.999999999999994671e-01
0.000000000000000000e+00 0.000000000000000000e+00 1.613484841370792955e+00 8.999999999999999112e-01
8.000000000000000444e-01 4.210526315789473589e-03 1.509542683587783429e+00 8.999999999999994671e-01
0.000000000000000000e+00 0.000000000000000000e+00 1.609233227020672841e+00 8.999999999999999112e-01
3.000000000000000444e-01 1.570680628272251578e-03 1.506025469973345743e+00 8.999999999999994671e-01
0.000000000000000000e+00 0.000000000000000000e+00 1.605015046169137705e+00 8.999999999999999112e-01
9.999999999999831246e-02 5.208333333333245441e-04 1.502168481029776181e+00 8.999999999999994671e-01
-3.108624468950438313e-15 -8.095376221225100288e-18 1.600829862914856960e+00 8.999999999999999112e-01
9.999999999999831246e-02 5.181347150258980381e-04 1.498271799236092550e+00 8.999999999999994671e-01
-3.108624468950438313e-15 -8.053431266710979423e-18 1.596677249271739596e+00 8.999999999999999112e-01
-1.776356839400250465e-15 -9.156478553609538303e-18 1.494422620637202659e+00 8.999999999999994671e-01
-3.108624468950438313e-15 -8.011918734408345437e-18 1.592556784985095009e+00 8.999999999999999112e-01
1.299999999999998268e+00 6.666666666666657554e-03 1.493475267980148402e+00 8.999999999999994671e-01
-3.108624468950438313e-15 -7.970831971667789962e-18 1.588468057352985907e+00 8.999999999999999112e-01
3.899999999999997691e+00 1.989795918367345817e-02 1.501075121437936755e+00 8.999999999999994671e-01
-3.108624468950438313e-15 -7.930164461608260563e-18 1.584410661052601865e+00 8.999999999999999112e-01
9.899999999999998579e+00 5.025380710659897721e-02 1.556405606755293380e+00 8.999999999999994671e-01
-3.108624468950438313e-15 -7.889909819671163771e-18 1.580384197971483662e+00 8.999999999999999112e-01
1.589999999999999858e+01 8.030303030303029277e-02 1.608740617010430363e+00 8.855999999999994987e-01
1.599999999999994760e+00 4.040404040404027390e-03 1.577984214175064404e+00 8.999999999999999112e-01
1.930000000000000071e+01 9.698492462311558704e-02 1.621771150036069420e+00 8.729999999999995541e-01
2.999999999999993339e+00 7.537688442211038474e-03 1.575565135058127897e+00 8.999999999999999112e-01
2.069999999999999929e+01 1.034999999999999948e-01 1.620320261553252150e+00 8.792999999999995264e-01
2.139999999999999858e+01 1.064676616915422869e-01 1.616829389215156398e+00 8.297999999999995380e-01
2.139999999999999858e+01 1.059405940594059375e-01 1.612839681448559936e+00 8.036999999999995259e-01
2.050000000000000000e+01 1.009852216748768489e-01 1.610403068836052887e+00 8.090999999999994863e-01
1.900000000000000000e+01 9.313725490196078649e-02 1.610337913870056870e+00 8.018999999999995021e-01
1.669999999999999929e+01 8.146341463414634443e-02 1.615035393368282390e+00 8.000999999999995893e-01
1.309999999999999964e+01 6.359223300970873183e-02 1.631303222168742018e+00 8.207999999999996410e-01
1.119999999999999929e+01 5.410628019323671101e-02 1.633043466828097312e+00 8.225999999999995538e-01
1.489999999999999858e+01 7.163461538461537992e-02 1.648517172034942080e+00 7.937999999999996170e-01
1.979999999999999716e+01 9.473684210526314708e-02 1.677980402800738569e+00 7.802999999999995495e-01
2.379999999999999716e+01 1.133333333333333137e-01 1.695431770638054392e+00 7.946999999999995179e-01
2.569999999999999574e+01 1.218009478672985590e-01 1.695854599586146927e+00 7.883999999999995456e-01
2.619999999999999574e+01 1.235849056603773449e-01 1.692048657067925177e+00 7.703999999999995296e-01
2.639999999999999858e+01 1.239436619718309734e-01 1.688080120870632417e+00 7.676999999999996049e-01
2.329999999999999716e+01 1.088785046728971834e-01 1.698423032793360710e+00 7.622999999999995335e-01
1.960000000000000142e+01 9.116279069767442567e-02 1.714172400901034399e+00 7.694999999999996287e-01
1.889999999999999858e+01 8.749999999999999445e-02 1.711042905386674917e+00 8.000999999999997003e-01
1.929999999999999716e+01 8.894009216589859879e-02 1.707227056433180845e+00 7.820999999999996843e-01
1.939999999999999858e+01 8.899082568807338556e-02 1.703307061239975440e+00 8.198999999999996291e-01
1.850000000000000000e+01 8.447488584474885376e-02 1.700721327777542369e+00 8.315999999999996728e-01
1.750000000000000000e+01 7.954545454545454419e-02 1.698418990153991004e+00 8.504999999999995897e-01
1.639999999999999858e+01 7.420814479638009054e-02 1.696420221388400984e+00 8.783999999999996255e-01
1.559999999999999787e+01 7.027027027027026029e-02 1.693607195414387201e+00 8.945999999999996177e-01
1.559999999999999787e+01 6.995515695067264228e-02 1.689812125773343165e+00 8.999999999999995781e-01
1.599999999999999467e+01 7.142857142857141073e-02 1.686179566538583252e+00 8.999999999999995781e-01
1.679999999999999716e+01 7.466666666666665897e-02 1.683126191875635280e+00 8.999999999999995781e-01
1.749999999999999289e+01 7.743362831858403850e-02 1.679911122154431835e+00 8.990999999999995662e-01
1.799999999999999289e+01 7.929515418502199042e-02 1.676440385647070874e+00 8.999999999999995781e-01
1.959999999999999432e+01 8.596491228070173019e-02 1.675775661878489808e+00 8.999999999999995781e-01
2.169999999999999574e+01 9.475982532751089926e-02 1.677378011873851049e+00 8.999999999999995781e-01
2.349999999999999645e+01 1.021739130434782400e-01 1.677483769173701900e+00 8.999999999999995781e-01
2.459999999999999787e+01 1.064935064935064873e-01 1.675130362233732129e+00 8.999999999999995781e-01
2.499999999999999289e+01 1.077586206896551380e-01 1.671626858939856852e+00 8.999999999999995781e-01
2.429999999999999361e+01 1.042918454935621991e-01 1.668871413457170272e+00 8.999999999999995781e-01
2.309999999999999432e+01 9.871794871794870030e-02 1.667473670501155247e+00 8.999999999999995781e-01
2.069999999999999218e+01 8.808510638297868678e-02 1.671852887625967732e+00 8.999999999999995781e-01
1.719999999999999218e+01 7.288135593220335107e-02 1.684508730725277736e+00 8.999999999999995781e-01
1.349999999999999289e+01 5.696202531645566669e-02 1.698648026137664413e+00 8.999999999999995781e-01
9.199999999999992184e+00 3.865546218487391633e-02 1.718344388042031268e+00 8.999999999999995781e-01
3.299999999999992717e+00 1.380753138075310749e-02 1.757071111772691818e+00 8.999999999999995781e-01
-1.776356839400250465e-15 -7.401486830834376833e-18 1.766352173265569370e+00 8.999999999999995781e-01
-1.776356839400250465e-15 -7.370775267220956291e-18 1.762683732808785431e+00 8.999999999999995781e-01
-1.776356839400250465e-15 -7.340317518182853364e-18 1.759038054174228982e+00 8.999999999999995781e-01
-1.776356839400250465e-15 -7.310110450206792657e-18 1.755414902945022115e+00 8.999999999999995781e-01
-1.776356839400250465e-15 -7.280150981148567857e-18 1.751814048070283514e+00 8.999999999999995781e-01
-1.776356839400250465e-15 -7.250436079184696428e-18 1.748235261803240403e+00 8.999999999999995781e-01
-1.776356839400250465e-15 -7.220962761789636799e-18 1.744678319640726727e+00 8.999999999999995781e-01
-1.776356839400250465e-15 -7.191728094737856207e-18 1.741143000264028018e+00 8.999999999999995781e-01
-1.776356839400250465e-15 -7.162729191130041997e-18 1.737629085481040558e+00 8.630999999999995342e-01
-3.552713678800500929e-15 -1.426792642088554459e-17 1.734136360169710178e+00 8.081999999999994744e-01
-3.552713678800500929e-15 -1.421085471520200401e-17 1.730664612222714727e+00 7.937999999999995060e-01
-3.552713678800500929e-15 -1.415423776414542178e-17 1.727213632493362461e+00 7.712999999999995415e-01
-3.552713678800500929e-15 -1.409807015397024100e-17 1.723783214742669267e+00 7.397999999999995691e-01
1.999999999999957367e-01 7.905138339920780464e-04 1.720418923495402375e+00 7.235999999999995769e-01
1.999999999999996447e+00 7.874015748031482076e-03 1.720721616580021651e+00 7.208999999999996522e-01
4.499999999999996447e+00 1.764705882352939764e-02 1.724393145013566997e+00 7.127999999999996561e-01
6.400000000000002132e+00 2.500000000000000833e-02 1.725022644778902547e+00 7.307999999999996721e-01
7.200000000000001066e+00 2.801556420233463490e-02 1.722339247142684160e+00 7.829999999999996962e-01
7.600000000000000533e+00 2.945736434108527438e-02 1.719153527999568665e+00 8.738999999999996771e-01
7.200000000000001066e+00 2.779922779922780474e-02 1.716038183868183076e+00 8.999999999999996891e-01
6.600000000000000533e+00 2.538461538461538741e-02 1.713175707835352002e+00 8.936999999999997168e-01
6.500000000000000888e+00 2.490421455938697515e-02 1.709908158459213512e+00 8.792999999999997485e-01
5.100000000000000533e+00 1.946564885496183256e-02 1.708902068391969120e+00 8.729999999999996652e-01
4.400000000000001243e+00 1.673003802281369454e-02 1.706224778732742253e+00 8.891999999999996573e-01
5.500000000000000000e+00 2.083333333333333218e-02 1.704289837735970758e+00 8.936999999999997168e-01
3.000000000000000000e+00 1.132075471698113130e-02 1.708078516307470096e+00 8.720999999999996533e-01
3.400000000000000355e+00 1.278195488721804718e-02 1.705030748905123961e+00 8.522999999999997245e-01
3.000000000000000000e+00 1.123595505617977497e-02 1.702021591705677350e+00 8.126999999999997559e-01
2.900000000000000355e+00 1.082089552238806041e-02 1.698856748376294190e+00 8.081999999999998074e-01
1.300000000000000711e+00 4.832713754646843045e-03 1.698527371648264062e+00 8.360999999999998433e-01
8.000000000000007105e-01 2.962962962962965418e-03 1.695656356727311520e+00 8.198999999999998511e-01
3.000000000000007105e-01 1.107011070110703677e-03 1.692799672213474826e+00 7.928999999999998272e-01
0.000000000000000000e+00 0.000000000000000000e+00 1.689783313640782714e+00 7.235999999999997989e-01
0.000000000000000000e+00 0.000000000000000000e+00 1.686685633100734272e+00 6.740999999999998105e-01
3.000000000000007105e-01 1.094890510948907806e-03 1.683702116115944447e+00 6.596999999999998421e-01
4.700000000000001066e+00 1.709090909090909410e-02 1.701368083446936019e+00 6.506999999999999451e-01
9.699999999999999289e+00 3.514492753623188470e-02 1.724471242425495099e+00 6.542999999999999927e-01
1.390000000000000036e+01 5.018050541516245328e-02 1.739385022422137439e+00 6.902999999999999137e-01
1.669999999999999929e+01 6.007194244604316391e-02 1.744041034928631495e+00 7.397999999999999021e-01
1.910000000000000142e+01 6.845878136200717057e-02 1.746519772691217609e+00 7.982999999999998986e-01
2.050000000000000000e+01 7.321428571428571785e-02 1.745206810445251833e+00 8.585999999999999188e-01
2.050000000000000000e+01 7.295373665480427150e-02 1.742104148042931122e+00 8.936999999999999389e-01
1.969999999999999929e+01 6.985815602836879801e-02 1.739786603778980201e+00 8.999999999999999112e-01
1.989999999999999858e+01 7.031802120141342205e-02 1.736727224878113374e+00 8.999999999999999112e-01
2.039999999999999858e+01 7.183098591549295919e-02 1.733853730903109680e+00 8.999999999999999112e-01
2.089999999999999858e+01 7.333333333333333370e-02 1.730994373320674962e+00 8.999999999999999112e-01
2.139999999999999858e+01 7.482517482517482554e-02 1.728149037354788975e+00 8.999999999999999112e-01
2.189999999999999858e+01 7.630662020905923382e-02 1.725317609519835260e+00 8.999999999999999112e-01
2.239999999999999503e+01 7.777777777777776513e-02 1.722499977602178545e+00 8.999999999999999112e-01
2.209999999999999787e+01 7.647058823529410965e-02 1.719660383305388063e+00 8.999999999999999112e-01
2.139999999999999503e+01 7.379310344827584578e-02 1.717296218484569703e+00 8.999999999999999112e-01
2.079999999999999716e+01 7.147766323024054569e-02 1.714796396803643708e+00 8.999999999999999112e-01
2.029999999999999716e+01 6.952054794520547143e-02 1.712183110243305828e+00 8.999999999999999112e-01
2.049999999999999645e+01 6.996587030716722166e-02 1.709275737943769968e+00 8.999999999999999112e-01
1.929999999999999716e+01 6.564625850340134738e-02 1.707967550563686210e+00 8.999999999999999112e-01
1.729999999999999716e+01 5.864406779661016089e-02 1.709292110021006117e+00 8.999999999999999112e-01
1.709999999999999787e+01 5.777027027027026307e-02 1.706468346467206354e+00 8.999999999999999112e-01
1.669999999999999574e+01 5.622895622895621170e-02 1.703799454330138685e+00 8.999999999999999112e-01
1.429999999999999716e+01 4.798657718120804411e-02 1.706859229506062281e+00 8.999999999999999112e-01
1.189999999999999858e+01 3.979933110367892685e-02 1.709853783144042350e+00 8.999999999999999112e-01
